[
{
  "id": "ba50f48e-f614-453a-8508-cc399c88078d",
  "data": [
{
  "text": "Let's do ",
  "userDefined": false
},
{
	"text": " ",
	"userDefined": false
},
{
  "text": "Houston",
  "alias": "city",
  "meta": "@city",
  "userDefined": true
},
{
	"text": " ",
	"userDefined": false
}
],
"isTemplate": false,
"count": 0,
"updated": 0
},
{
  "id": "cd23fe5c-c57c-498c-9b54-7bc2b01886c0",
  "data": [
{
  "text": "I'll pick ",
  "userDefined": false
},
{
	"text": " ",
	"userDefined": false
},
{
  "text": "Houston",
  "alias": "city",
  "meta": "@city",
  "userDefined": true
},
{
	"text": " ",
	"userDefined": false
}
],
"isTemplate": false,
"count": 0,
"updated": 0
},
{
  "id": "dbe0a456-a9a6-4883-80a6-554ba91352fd",
  "data": [
{
  "text": "How about ",
  "userDefined": false
},
{
	"text": " ",
	"userDefined": false
},
{
  "text": "Chicago",
  "alias": "city",
  "meta": "@city",
  "userDefined": true
},
{
	"text": " ",
	"userDefined": false
},
{
  "text": "?",
  "userDefined": false
},
{
	"text": " ",
	"userDefined": false
}
],
"isTemplate": false,
"count": 0,
"updated": 0
},
{
  "id": "9d6e4729-b569-47ba-a6c5-e6f91ba5a47a",
  "data": [
{
  "text": "New York",
  "alias": "city",
  "meta": "@city",
  "userDefined": true
},
{
	"text": " ",
	"userDefined": false
}
],
"isTemplate": false,
"count": 0,
"updated": 0
}
 ]
