[
{
  "id": "005024e2-a17c-46d7-a700-3f22e7240798",
  "data": [
{
  "text": "How about ",
  "userDefined": false
},
{
	"text": " ",
	"userDefined": false
},
{
  "text": "Broadway",
  "alias": "street",
  "meta": "@street",
  "userDefined": true
},
{
	"text": " ",
	"userDefined": false
}
],
"isTemplate": false,
"count": 0,
"updated": 0
},
{
  "id": "48c1c789-a2e4-4a09-a375-64020a8d1f75",
  "data": [
{
  "text": "I'm not sure but it might be ",
  "userDefined": false
},
{
	"text": " ",
	"userDefined": false
},
{
  "text": "Broadway",
  "alias": "street",
  "meta": "@street",
  "userDefined": true
},
{
	"text": " ",
	"userDefined": false
}
],
"isTemplate": false,
"count": 0,
"updated": 0
},
{
  "id": "60b43120-108d-48b5-a04f-8613e6cea9ad",
  "data": [
{
  "text": "Maybe it's ",
  "userDefined": false
},
{
	"text": " ",
	"userDefined": false
},
{
  "text": "Broadway",
  "alias": "street",
  "meta": "@street",
  "userDefined": true
},
{
	"text": " ",
	"userDefined": false
}
],
"isTemplate": false,
"count": 0,
"updated": 0
},
{
  "id": "9afcac36-a35d-48d4-ba8a-b17616796b9f",
  "data": [
{
  "text": "I think it's ",
  "userDefined": false
},
{
	"text": " ",
	"userDefined": false
},
{
  "text": "Broadway",
  "alias": "street",
  "meta": "@street",
  "userDefined": true
},
{
	"text": " ",
	"userDefined": false
}
],
"isTemplate": false,
"count": 0,
"updated": 0
},
{
  "id": "805f93ea-e9d3-42dd-9ff7-3ce598201575",
  "data": [
{
  "text": "Broadway",
  "alias": "street",
  "meta": "@street",
  "userDefined": true
},
{
	"text": " ",
	"userDefined": false
}
],
"isTemplate": false,
"count": 0,
"updated": 0
}
 ]
