[
{
  "id": "31843154-b78f-4990-8860-8b795c52f29a",
  "data": [
{
  "text": "How about ",
  "userDefined": false
},
{
	"text": " ",
	"userDefined": false
},
{
  "text": "Broadway",
  "alias": "street",
  "meta": "@street",
  "userDefined": true
},
{
	"text": " ",
	"userDefined": false
}
],
"isTemplate": false,
"count": 0,
"updated": 0
},
{
  "id": "e56c61c7-e98c-46dc-ae86-9cd9aa6dcad3",
  "data": [
{
  "text": "I'm not sure but it might be ",
  "userDefined": false
},
{
	"text": " ",
	"userDefined": false
},
{
  "text": "Broadway",
  "alias": "street",
  "meta": "@street",
  "userDefined": true
},
{
	"text": " ",
	"userDefined": false
}
],
"isTemplate": false,
"count": 0,
"updated": 0
},
{
  "id": "f867e821-7612-4bab-a890-e107ca40c2d8",
  "data": [
{
  "text": "Maybe it's ",
  "userDefined": false
},
{
	"text": " ",
	"userDefined": false
},
{
  "text": "Broadway",
  "alias": "street",
  "meta": "@street",
  "userDefined": true
},
{
	"text": " ",
	"userDefined": false
}
],
"isTemplate": false,
"count": 0,
"updated": 0
},
{
  "id": "3e8794de-0dc8-4c96-b9b1-0cc70615eaa5",
  "data": [
{
  "text": "I think it's ",
  "userDefined": false
},
{
	"text": " ",
	"userDefined": false
},
{
  "text": "Broadway",
  "alias": "street",
  "meta": "@street",
  "userDefined": true
},
{
	"text": " ",
	"userDefined": false
}
],
"isTemplate": false,
"count": 0,
"updated": 0
},
{
  "id": "aa5de4e3-a12b-4c1c-8a15-7b418b554af9",
  "data": [
{
  "text": "Broadway",
  "alias": "street",
  "meta": "@street",
  "userDefined": true
},
{
	"text": " ",
	"userDefined": false
}
],
"isTemplate": false,
"count": 0,
"updated": 0
}
 ]
