[
{
  "id": "1b5624a6-a3bf-4bac-a914-5bb4499a9074",
  "data": [
{
  "text": "stop",
  "userDefined": false
},
{
	"text": " ",
	"userDefined": false
}
],
"isTemplate": false,
"count": 0,
"updated": 0
},
{
  "id": "f91bcaeb-a7aa-4d98-a3b4-24993432f6a4",
  "data": [
{
  "text": "stop it",
  "userDefined": false
},
{
	"text": " ",
	"userDefined": false
}
],
"isTemplate": false,
"count": 0,
"updated": 0
},
{
  "id": "33917175-761f-4497-ae74-1a340ae940b8",
  "data": [
{
  "text": "never mind",
  "userDefined": false
},
{
	"text": " ",
	"userDefined": false
}
],
"isTemplate": false,
"count": 0,
"updated": 0
},
{
  "id": "216814ce-62d4-4c96-9368-b51ae6bedddb",
  "data": [
{
  "text": "just forget about it",
  "userDefined": false
},
{
	"text": " ",
	"userDefined": false
}
],
"isTemplate": false,
"count": 0,
"updated": 0
},
{
  "id": "af6c18ca-a66e-417d-a426-9891a6aecba9",
  "data": [
{
  "text": "do nothing",
  "userDefined": false
},
{
	"text": " ",
	"userDefined": false
}
],
"isTemplate": false,
"count": 0,
"updated": 0
},
{
  "id": "95d2f793-1122-413e-9285-9b6e54e31b1f",
  "data": [
{
  "text": "skip",
  "userDefined": false
},
{
	"text": " ",
	"userDefined": false
}
],
"isTemplate": false,
"count": 0,
"updated": 0
},
{
  "id": "a461aab7-81d1-44ff-a294-022e5436eb05",
  "data": [
{
  "text": "cancel that",
  "userDefined": false
},
{
	"text": " ",
	"userDefined": false
}
],
"isTemplate": false,
"count": 0,
"updated": 0
},
{
  "id": "43d43c4c-4411-46cd-8291-4fe79bab716a",
  "data": [
{
  "text": "forget that",
  "userDefined": false
},
{
	"text": " ",
	"userDefined": false
}
],
"isTemplate": false,
"count": 0,
"updated": 0
},
{
  "id": "a92910b7-d866-4941-86b0-da320131ca76",
  "data": [
{
  "text": "cancel",
  "userDefined": false
},
{
	"text": " ",
	"userDefined": false
}
],
"isTemplate": false,
"count": 0,
"updated": 0
},
{
  "id": "01eb506c-3371-4905-8b2b-4c1a1b454156",
  "data": [
{
  "text": "dismiss",
  "userDefined": false
},
{
	"text": " ",
	"userDefined": false
}
],
"isTemplate": false,
"count": 0,
"updated": 0
}
 ]
