[
{
  "id": "9ac1b2c4-2070-4abe-a5a2-6d16694d6130",
  "data": [
{
  "text": "stop",
  "userDefined": false
},
{
	"text": " ",
	"userDefined": false
}
],
"isTemplate": false,
"count": 0,
"updated": 0
},
{
  "id": "5692528c-ad19-4570-9dad-993e152e660a",
  "data": [
{
  "text": "stop it",
  "userDefined": false
},
{
	"text": " ",
	"userDefined": false
}
],
"isTemplate": false,
"count": 0,
"updated": 0
},
{
  "id": "53615b62-a56c-4e53-9283-00b0a4bd94df",
  "data": [
{
  "text": "never mind",
  "userDefined": false
},
{
	"text": " ",
	"userDefined": false
}
],
"isTemplate": false,
"count": 0,
"updated": 0
},
{
  "id": "bdf1ef20-63d7-478a-85b3-51f3fdb25450",
  "data": [
{
  "text": "just forget about it",
  "userDefined": false
},
{
	"text": " ",
	"userDefined": false
}
],
"isTemplate": false,
"count": 0,
"updated": 0
},
{
  "id": "9dc2804e-aae2-4d14-8c94-ab24ecae585a",
  "data": [
{
  "text": "do nothing",
  "userDefined": false
},
{
	"text": " ",
	"userDefined": false
}
],
"isTemplate": false,
"count": 0,
"updated": 0
},
{
  "id": "e8926215-fcb7-4802-907b-2a80ef5b8cc4",
  "data": [
{
  "text": "skip",
  "userDefined": false
},
{
	"text": " ",
	"userDefined": false
}
],
"isTemplate": false,
"count": 0,
"updated": 0
},
{
  "id": "e950699d-8f95-4312-b064-d6f082adbb58",
  "data": [
{
  "text": "cancel that",
  "userDefined": false
},
{
	"text": " ",
	"userDefined": false
}
],
"isTemplate": false,
"count": 0,
"updated": 0
},
{
  "id": "390157ad-2780-470e-afd1-3762272c0ada",
  "data": [
{
  "text": "forget that",
  "userDefined": false
},
{
	"text": " ",
	"userDefined": false
}
],
"isTemplate": false,
"count": 0,
"updated": 0
},
{
  "id": "ee10f85a-8d2a-46cf-9675-f141bf3e6448",
  "data": [
{
  "text": "cancel",
  "userDefined": false
},
{
	"text": " ",
	"userDefined": false
}
],
"isTemplate": false,
"count": 0,
"updated": 0
},
{
  "id": "20d275e0-80c7-496a-b91f-35598ff5561b",
  "data": [
{
  "text": "dismiss",
  "userDefined": false
},
{
	"text": " ",
	"userDefined": false
}
],
"isTemplate": false,
"count": 0,
"updated": 0
}
 ]
