[
{
  "id": "ae0e0396-14f3-46f8-9f1b-af480b64a8cd",
  "data": [
{
  "text": "stop",
  "userDefined": false
},
{
	"text": " ",
	"userDefined": false
}
],
"isTemplate": false,
"count": 0,
"updated": 0
},
{
  "id": "3c48086a-e105-415a-82de-475d6a9724f6",
  "data": [
{
  "text": "stop it",
  "userDefined": false
},
{
	"text": " ",
	"userDefined": false
}
],
"isTemplate": false,
"count": 0,
"updated": 0
},
{
  "id": "3566f2c4-c285-421d-b729-4cb372a00850",
  "data": [
{
  "text": "never mind",
  "userDefined": false
},
{
	"text": " ",
	"userDefined": false
}
],
"isTemplate": false,
"count": 0,
"updated": 0
},
{
  "id": "27f2b052-48a3-4b04-b4c7-d25552b1916b",
  "data": [
{
  "text": "just forget about it",
  "userDefined": false
},
{
	"text": " ",
	"userDefined": false
}
],
"isTemplate": false,
"count": 0,
"updated": 0
},
{
  "id": "4879eda9-e38a-404a-aa08-c2bcec511104",
  "data": [
{
  "text": "do nothing",
  "userDefined": false
},
{
	"text": " ",
	"userDefined": false
}
],
"isTemplate": false,
"count": 0,
"updated": 0
},
{
  "id": "6e61c710-0854-40d8-93ee-ff7477366ae8",
  "data": [
{
  "text": "skip",
  "userDefined": false
},
{
	"text": " ",
	"userDefined": false
}
],
"isTemplate": false,
"count": 0,
"updated": 0
},
{
  "id": "bb5fcb9a-f84c-44f6-bcb7-2c6bd9a5aecc",
  "data": [
{
  "text": "cancel that",
  "userDefined": false
},
{
	"text": " ",
	"userDefined": false
}
],
"isTemplate": false,
"count": 0,
"updated": 0
},
{
  "id": "e06c3f18-9ae4-4dce-8804-54da45c54ee2",
  "data": [
{
  "text": "forget that",
  "userDefined": false
},
{
	"text": " ",
	"userDefined": false
}
],
"isTemplate": false,
"count": 0,
"updated": 0
},
{
  "id": "8dc175f3-c589-4e85-8682-b9d9b6057be3",
  "data": [
{
  "text": "cancel",
  "userDefined": false
},
{
	"text": " ",
	"userDefined": false
}
],
"isTemplate": false,
"count": 0,
"updated": 0
},
{
  "id": "38b3320e-0956-4ef0-a35d-3a0818d0d09a",
  "data": [
{
  "text": "dismiss",
  "userDefined": false
},
{
	"text": " ",
	"userDefined": false
}
],
"isTemplate": false,
"count": 0,
"updated": 0
}
 ]
