[
{
  "id": "e3b2ef0d-74e8-4238-a05a-d1540f20f160",
  "data": [
{
  "text": "Hey I want to watch a movie in the cinema",
  "userDefined": false
},
{
	"text": " ",
	"userDefined": false
}
],
"isTemplate": false,
"count": 0,
"updated": 0
},
{
  "id": "c006f513-140c-44cf-a7dc-867b8407adbf",
  "data": [
{
  "text": "hello hi",
  "userDefined": false
},
{
	"text": " ",
	"userDefined": false
}
],
"isTemplate": false,
"count": 0,
"updated": 0
},
{
  "id": "94177393-d2c4-4682-b341-0b2327f3c6b2",
  "data": [
{
  "text": "hey there",
  "userDefined": false
},
{
	"text": " ",
	"userDefined": false
}
],
"isTemplate": false,
"count": 0,
"updated": 0
},
{
  "id": "beb0483d-1911-4418-9258-0477e4872877",
  "data": [
{
  "text": "hi there",
  "userDefined": false
},
{
	"text": " ",
	"userDefined": false
}
],
"isTemplate": false,
"count": 0,
"updated": 0
},
{
  "id": "ed78166a-416d-47e5-808e-3c91e4bc3a4f",
  "data": [
{
  "text": "hey",
  "userDefined": false
},
{
	"text": " ",
	"userDefined": false
}
],
"isTemplate": false,
"count": 0,
"updated": 0
},
{
  "id": "c36d9c4a-1d82-448a-92c9-8e1aa29726b2",
  "data": [
{
  "text": "hello",
  "userDefined": false
},
{
	"text": " ",
	"userDefined": false
}
],
"isTemplate": false,
"count": 0,
"updated": 0
},
{
  "id": "38799f16-ee23-40cc-b88f-9bdc604e842a",
  "data": [
{
  "text": "hi",
  "userDefined": false
},
{
	"text": " ",
	"userDefined": false
}
],
"isTemplate": false,
"count": 0,
"updated": 0
},
{
  "id": "33e36615-ed5e-45d3-88ff-fee7ffeab87e",
  "data": [
{
  "text": "hello there",
  "userDefined": false
},
{
	"text": " ",
	"userDefined": false
}
],
"isTemplate": false,
"count": 0,
"updated": 0
}
 ]
