[
{
  "id": "b6a84fc6-1d43-4473-a0e7-dbeeda35d470",
  "data": [
{
  "text": "When do you close ?",
  "userDefined": false
},
{
	"text": " ",
	"userDefined": false
}
],
"isTemplate": false,
"count": 0,
"updated": 0
},
{
  "id": "da928db9-a6db-401f-9736-e84f821a31af",
  "data": [
{
  "text": "Are you open ",
  "userDefined": false
},
{
	"text": " ",
	"userDefined": false
},
{
  "text": "today",
  "alias": "date-time",
  "meta": "@sys.any",
  "userDefined": true
},
{
	"text": " ",
	"userDefined": false
},
{
  "text": " ?",
  "userDefined": false
},
{
	"text": " ",
	"userDefined": false
}
],
"isTemplate": false,
"count": 0,
"updated": 0
},
{
  "id": "e6ea1ae3-a391-41bf-bcac-e246798ad370",
  "data": [
{
  "text": "Are you open right now ?",
  "userDefined": false
},
{
	"text": " ",
	"userDefined": false
}
],
"isTemplate": false,
"count": 0,
"updated": 0
},
{
  "id": "ca62b78a-69b4-4f0d-8200-63a797bc0de8",
  "data": [
{
  "text": "What time do you open ?",
  "userDefined": false
},
{
	"text": " ",
	"userDefined": false
}
],
"isTemplate": false,
"count": 0,
"updated": 0
}
 ]
