[
{
  "id": "2aaa7beb-7196-43e9-a882-11c14c2fe4e1",
  "data": [
{
  "text": "one ",
  "userDefined": false
},
{
	"text": " ",
	"userDefined": false
},
{
  "text": "chocolate smoothie",
  "alias": "drink_composite",
  "meta": "@drink_composite",
  "userDefined": true
},
{
	"text": " ",
	"userDefined": false
},
{
  "text": " please",
  "userDefined": false
},
{
	"text": " ",
	"userDefined": false
}
],
"isTemplate": false,
"count": 0,
"updated": 0
},
{
  "id": "64907ed5-6c0b-4195-ace2-adf57ac371bb",
  "data": [
{
  "text": "I want one ",
  "userDefined": false
},
{
	"text": " ",
	"userDefined": false
},
{
  "text": "vanilla milkshake",
  "alias": "drink_composite",
  "meta": "@drink_composite",
  "userDefined": true
},
{
	"text": " ",
	"userDefined": false
},
{
  "text": " with ",
  "userDefined": false
},
{
	"text": " ",
	"userDefined": false
},
{
  "text": "2%",
  "alias": "percentage",
  "meta": "@sys.any",
  "userDefined": true
},
{
	"text": " ",
	"userDefined": false
},
{
  "text": " milk",
  "userDefined": false
},
{
	"text": " ",
	"userDefined": false
}
],
"isTemplate": false,
"count": 0,
"updated": 0
},
{
  "id": "37e6d778-8baa-4c3d-ba48-9ab2b041f2ec",
  "data": [
{
  "text": "i want a ",
  "userDefined": false
},
{
	"text": " ",
	"userDefined": false
},
{
  "text": "small",
  "alias": "size",
  "meta": "@size",
  "userDefined": true
},
{
	"text": " ",
	"userDefined": false
},
{
  "text": " ",
  "userDefined": false
},
{
	"text": " ",
	"userDefined": false
},
{
  "text": "strawberry smoothie",
  "alias": "drink_composite",
  "meta": "@drink_composite",
  "userDefined": true
},
{
	"text": " ",
	"userDefined": false
}
],
"isTemplate": false,
"count": 0,
"updated": 0
},
{
  "id": "9d0cec08-4c10-46b8-82e1-402aad88d533",
  "data": [
{
  "text": "two",
  "alias": "number",
  "meta": "@sys.number",
  "userDefined": true
},
{
	"text": " ",
	"userDefined": false
},
{
  "text": " ",
  "userDefined": false
},
{
	"text": " ",
	"userDefined": false
},
{
  "text": "large",
  "alias": "size",
  "meta": "@size",
  "userDefined": true
},
{
	"text": " ",
	"userDefined": false
},
{
  "text": " ",
  "userDefined": false
},
{
	"text": " ",
	"userDefined": false
},
{
  "text": "soy milk chocolate milkshakes",
  "alias": "drink_composite",
  "meta": "@drink_composite",
  "userDefined": true
},
{
	"text": " ",
	"userDefined": false
}
],
"isTemplate": false,
"count": 0,
"updated": 0
},
{
  "id": "eb17e6bf-81b1-4887-8993-0f8e80c3e6a6",
  "data": [
{
  "text": "i'd like to order a rasberry ",
  "userDefined": false
},
{
	"text": " ",
	"userDefined": false
},
{
  "text": "smoothie",
  "alias": "drink",
  "meta": "@drink",
  "userDefined": true
},
{
	"text": " ",
	"userDefined": false
},
{
  "text": " please",
  "userDefined": false
},
{
	"text": " ",
	"userDefined": false
}
],
"isTemplate": false,
"count": 0,
"updated": 0
},
{
  "id": "3bd17045-8bf9-401a-80de-db0d49ec3c93",
  "data": [
{
  "text": "I would like a ",
  "userDefined": false
},
{
	"text": " ",
	"userDefined": false
},
{
  "text": "mocha smoothie",
  "alias": "drink_composite",
  "meta": "@drink_composite",
  "userDefined": true
},
{
	"text": " ",
	"userDefined": false
}
],
"isTemplate": false,
"count": 0,
"updated": 0
}
 ]
