[
{
  "id": "c0518da4-2cb1-443d-bb85-ee8eef7030cd",
  "data": [
{
  "text": "are you a bot?",
  "userDefined": false
},
{
	"text": " ",
	"userDefined": false
}
],
"isTemplate": false,
"count": 0,
"updated": 0
},
{
  "id": "7150cfd9-b29e-4a00-872f-ed35ffc420c6",
  "data": [
{
  "text": "are you a human?",
  "userDefined": false
},
{
	"text": " ",
	"userDefined": false
}
],
"isTemplate": false,
"count": 0,
"updated": 0
},
{
  "id": "306a261a-c9fa-49b6-a543-a2d60c318086",
  "data": [
{
  "text": "am I talking to a bot?",
  "userDefined": false
},
{
	"text": " ",
	"userDefined": false
}
],
"isTemplate": false,
"count": 0,
"updated": 0
},
{
  "id": "563575af-df2a-45f1-8f4c-db84116ac98f",
  "data": [
{
  "text": "am I talking to a human?",
  "userDefined": false
},
{
	"text": " ",
	"userDefined": false
}
],
"isTemplate": false,
"count": 0,
"updated": 0
}
 ]
