[
{
  "id": "f5053c6e-5cf9-410a-9e4a-44372810374f",
  "data": [
{
  "text": "Iâ€™d like to know which positions are open right now.",
  "userDefined": false
},
{
	"text": " ",
	"userDefined": false
}
],
"isTemplate": false,
"count": 0,
"updated": 0
},
{
  "id": "d0b2cc41-2da3-4018-8704-6fe73cc2e1d4",
  "data": [
{
  "text": "I want to know the available positions now.",
  "userDefined": false
},
{
	"text": " ",
	"userDefined": false
}
],
"isTemplate": false,
"count": 0,
"updated": 0
},
{
  "id": "63137e93-2dae-476b-b5e1-d213b72d4191",
  "data": [
{
  "text": "I would like to know the open positions.",
  "userDefined": false
},
{
	"text": " ",
	"userDefined": false
}
],
"isTemplate": false,
"count": 0,
"updated": 0
},
{
  "id": "340be24e-5b42-4e4f-8187-a920f5ab6bd9",
  "data": [
{
  "text": "I would like to know the available positions.",
  "userDefined": false
},
{
	"text": " ",
	"userDefined": false
}
],
"isTemplate": false,
"count": 0,
"updated": 0
},
{
  "id": "fa6a76b1-66b6-4449-b00c-d523b1c48aa3",
  "data": [
{
  "text": "Would you please write me the open positions at RASA",
  "userDefined": false
},
{
	"text": " ",
	"userDefined": false
}
],
"isTemplate": false,
"count": 0,
"updated": 0
},
{
  "id": "ef5bcae7-cb83-45c7-a7fc-707972967118",
  "data": [
{
  "text": "Iâ€™d like to know what are the open positions now at RASA.",
  "userDefined": false
},
{
	"text": " ",
	"userDefined": false
}
],
"isTemplate": false,
"count": 0,
"updated": 0
},
{
  "id": "9f6a8fe4-8015-4888-9464-e15826a90b03",
  "data": [
{
  "text": "What are the available positions now?",
  "userDefined": false
},
{
	"text": " ",
	"userDefined": false
}
],
"isTemplate": false,
"count": 0,
"updated": 0
}
 ]
