[
{
  "id": "7b8fd4ff-057f-44af-a72c-2781bad7421b",
  "data": [
{
  "text": "A ",
  "userDefined": false
},
{
	"text": " ",
	"userDefined": false
},
{
  "text": "technical",
  "alias": "role_type",
  "meta": "@sys.any",
  "userDefined": true
},
{
	"text": " ",
	"userDefined": false
},
{
  "text": " one",
  "userDefined": false
},
{
	"text": " ",
	"userDefined": false
}
],
"isTemplate": false,
"count": 0,
"updated": 0
},
{
  "id": "2a09eacd-c04c-4595-bf47-0a7f9f64c205",
  "data": [
{
  "text": "A ",
  "userDefined": false
},
{
	"text": " ",
	"userDefined": false
},
{
  "text": "tech",
  "alias": "role_type",
  "meta": "@sys.any",
  "userDefined": true
},
{
	"text": " ",
	"userDefined": false
},
{
  "text": " position",
  "userDefined": false
},
{
	"text": " ",
	"userDefined": false
}
],
"isTemplate": false,
"count": 0,
"updated": 0
},
{
  "id": "0385791a-aaf0-45aa-b023-7b90c1d511cb",
  "data": [
{
  "text": "A ",
  "userDefined": false
},
{
	"text": " ",
	"userDefined": false
},
{
  "text": "business",
  "alias": "role_type",
  "meta": "@sys.any",
  "userDefined": true
},
{
	"text": " ",
	"userDefined": false
},
{
  "text": " one",
  "userDefined": false
},
{
	"text": " ",
	"userDefined": false
}
],
"isTemplate": false,
"count": 0,
"updated": 0
}
 ]
