[
	{
	   "value": "Americano",
	   "synonyms": [
	   	"Americano",
	   	"Americano"
	   ]
	} ,
	{
	   "value": "Barista Coffee",
	   "synonyms": [
	   	"Barista Coffee",
	   	"Barista Coffee"
	   ]
	} ,
	{
	   "value": "Cappuccino",
	   "synonyms": [
	   	"Cappuccino",
	   	"Cappuccino"
	   ]
	} ,
	{
	   "value": "Cocoa",
	   "synonyms": [
	   	"Cocoa",
	   	"Cocoa"
	   ]
	} ,
	{
	   "value": "Espresso",
	   "synonyms": [
	   	"Espresso",
	   	"Espresso"
	   ]
	} ,
	{
	   "value": "Espresso Macchiato",
	   "synonyms": [
	   	"Espresso Macchiato",
	   	"Espresso Macchiato"
	   ]
	} ,
	{
	   "value": "Espresso con Panna",
	   "synonyms": [
	   	"Espresso con Panna",
	   	"Espresso con Panna"
	   ]
	} ,
	{
	   "value": "Hot Chocolate",
	   "synonyms": [
	   	"Hot Chocolate",
	   	"Hot Chocolate"
	   ]
	} ,
	{
	   "value": "Latte",
	   "synonyms": [
	   	"Latte",
	   	"Latte"
	   ]
	} ,
	{
	   "value": "Macchiato",
	   "synonyms": [
	   	"Macchiato",
	   	"Macchiato"
	   ]
	} ,
	{
	   "value": "Tea",
	   "synonyms": [
	   	"Tea",
	   	"Tea"
	   ]
	} ,
	{
	   "value": "coffee",
	   "synonyms": [
	   	"coffee",
	   	"coffee"
	   ]
	} 
]
