[
	{
	   "value": "almond",
	   "synonyms": [
	   	"almond",
	   	"almond",
	   	"almond paste"
	   ]
	} ,
	{
	   "value": "blueberry",
	   "synonyms": [
	   	"blueberry",
	   	"blueberry"
	   ]
	} ,
	{
	   "value": "caramel",
	   "synonyms": [
	   	"caramel",
	   	"caramel"
	   ]
	} ,
	{
	   "value": "cheese",
	   "synonyms": [
	   	"cheese",
	   	"cheese"
	   ]
	} ,
	{
	   "value": "cream cheese",
	   "synonyms": [
	   	"cream cheese",
	   	"cream cheese"
	   ]
	} ,
	{
	   "value": "hazelnut",
	   "synonyms": [
	   	"hazelnut",
	   	"hazelnut"
	   ]
	} ,
	{
	   "value": "peppermint",
	   "synonyms": [
	   	"peppermint",
	   	"peppermint"
	   ]
	} ,
	{
	   "value": "raspberry",
	   "synonyms": [
	   	"raspberry",
	   	"raspberry"
	   ]
	} ,
	{
	   "value": "strawberry",
	   "synonyms": [
	   	"strawberry",
	   	"strawberry"
	   ]
	} ,
	{
	   "value": "sugar-free vanilla",
	   "synonyms": [
	   	"sugar-free vanilla",
	   	"sugar free vanilla",
	   	"sugar-free vanilla"
	   ]
	} ,
	{
	   "value": "vanilla",
	   "synonyms": [
	   	"vanilla",
	   	"vanilla"
	   ]
	} 
]
