[
	{
	   "value": "almond milk",
	   "synonyms": [
	   	"almond milk",
	   	"almond"
	   ]
	} ,
	{
	   "value": "cream",
	   "synonyms": [
	   	"cream",
	   	"cream",
	   	"half and half",
	   	"half-and-half"
	   ]
	} ,
	{
	   "value": "non fat milk",
	   "synonyms": [
	   	"non fat milk",
	   	"non fat",
	   	"non-fat",
	   	"skinny"
	   ]
	} ,
	{
	   "value": "regular milk",
	   "synonyms": [
	   	"regular milk",
	   	"low fat",
	   	"low-fat",
	   	"lowfat",
	   	"normal",
	   	"regular",
	   	"two percent"
	   ]
	} ,
	{
	   "value": "soy milk",
	   "synonyms": [
	   	"soy milk",
	   	"soy"
	   ]
	} 
]
