[
	{
	   "value": "Bagel",
	   "synonyms": [
	   	"Bagel",
	   	"Bagel"
	   ]
	} ,
	{
	   "value": "Caesar Salad",
	   "synonyms": [
	   	"Caesar Salad",
	   	"Caesar Salad"
	   ]
	} ,
	{
	   "value": "Carrot Cake",
	   "synonyms": [
	   	"Carrot Cake",
	   	"Carrot Cake"
	   ]
	} ,
	{
	   "value": "Croissant",
	   "synonyms": [
	   	"Croissant",
	   	"Croissant"
	   ]
	} ,
	{
	   "value": "Cupcake",
	   "synonyms": [
	   	"Cupcake",
	   	"Cupcake"
	   ]
	} ,
	{
	   "value": "Danish",
	   "synonyms": [
	   	"Danish",
	   	"Danish"
	   ]
	} ,
	{
	   "value": "Deep Dish Cake",
	   "synonyms": [
	   	"Deep Dish Cake",
	   	"Deep Dish Cake"
	   ]
	} ,
	{
	   "value": "Doughnut",
	   "synonyms": [
	   	"Doughnut",
	   	"Doughnut",
	   	"donut"
	   ]
	} ,
	{
	   "value": "Greek Salad",
	   "synonyms": [
	   	"Greek Salad",
	   	"Greek Salad"
	   ]
	} ,
	{
	   "value": "Mediterranean Salad",
	   "synonyms": [
	   	"Mediterranean Salad",
	   	"Mediterranean Salad"
	   ]
	} ,
	{
	   "value": "Muffin",
	   "synonyms": [
	   	"Muffin",
	   	"Muffin"
	   ]
	} ,
	{
	   "value": "Plum Cake",
	   "synonyms": [
	   	"Plum Cake",
	   	"Plum Cake"
	   ]
	} ,
	{
	   "value": "Salad",
	   "synonyms": [
	   	"Salad",
	   	"Salad"
	   ]
	} ,
	{
	   "value": "Strudel",
	   "synonyms": [
	   	"Strudel",
	   	"Strudel"
	   ]
	} 
]
