[
{
  "id": "1f470fbe-02af-467c-88a7-ca4c7b9583f3",
  "data": [
{
  "text": "who is ceo?",
  "userDefined": false
},
{
	"text": " ",
	"userDefined": false
}
],
"isTemplate": false,
"count": 0,
"updated": 0
},
{
  "id": "d404feba-7e26-4104-b782-e9bf31c4e9e3",
  "data": [
{
  "text": "who is the ceo of organisation?",
  "userDefined": false
},
{
	"text": " ",
	"userDefined": false
}
],
"isTemplate": false,
"count": 0,
"updated": 0
},
{
  "id": "d8cebd31-06e3-4fd1-afc2-0acc883b04b2",
  "data": [
{
  "text": "ceo",
  "userDefined": false
},
{
	"text": " ",
	"userDefined": false
}
],
"isTemplate": false,
"count": 0,
"updated": 0
}
 ]
