[
{
  "id": "f490f35a-00a6-4b05-8d4f-5561c6371475",
  "data": [
{
  "text": "What is corona virus",
  "userDefined": false
},
{
	"text": " ",
	"userDefined": false
}
],
"isTemplate": false,
"count": 0,
"updated": 0
},
{
  "id": "abebf758-525e-404e-ae37-97b1a6f2d35a",
  "data": [
{
  "text": "what is covid",
  "userDefined": false
},
{
	"text": " ",
	"userDefined": false
}
],
"isTemplate": false,
"count": 0,
"updated": 0
},
{
  "id": "4615ea15-9274-4162-8b54-d068c1666bd8",
  "data": [
{
  "text": "what is a novel corona virus",
  "userDefined": false
},
{
	"text": " ",
	"userDefined": false
}
],
"isTemplate": false,
"count": 0,
"updated": 0
},
{
  "id": "88a253a1-9796-4e2f-9c2d-9a5fd6487d2d",
  "data": [
{
  "text": "what is covid-19",
  "userDefined": false
},
{
	"text": " ",
	"userDefined": false
}
],
"isTemplate": false,
"count": 0,
"updated": 0
},
{
  "id": "fe9b34e4-24d8-416c-9a57-0384bcf44b9a",
  "data": [
{
  "text": "tell me about corona",
  "userDefined": false
},
{
	"text": " ",
	"userDefined": false
}
],
"isTemplate": false,
"count": 0,
"updated": 0
},
{
  "id": "e7dc2f60-8dca-4064-a711-b9100bffc7e3",
  "data": [
{
  "text": "can you tell me about covid",
  "userDefined": false
},
{
	"text": " ",
	"userDefined": false
}
],
"isTemplate": false,
"count": 0,
"updated": 0
}
 ]
