[
{
  "id": "b5c8213f-b94f-4e6e-940c-b93ba141f397",
  "data": [
{
  "text": "name some courses",
  "userDefined": false
},
{
	"text": " ",
	"userDefined": false
}
],
"isTemplate": false,
"count": 0,
"updated": 0
},
{
  "id": "dc45c91f-9199-4f69-a332-eafadfb5ca59",
  "data": [
{
  "text": "what courses do spaceonova provide?",
  "userDefined": false
},
{
	"text": " ",
	"userDefined": false
}
],
"isTemplate": false,
"count": 0,
"updated": 0
},
{
  "id": "51cecc43-176d-4ac8-b7c9-f6c3ddfee729",
  "data": [
{
  "text": "what courses this organisation teach?",
  "userDefined": false
},
{
	"text": " ",
	"userDefined": false
}
],
"isTemplate": false,
"count": 0,
"updated": 0
},
{
  "id": "06d2e2ed-aedb-4cf3-a09f-9f8d8819f756",
  "data": [
{
  "text": "which type of courses do you teach?",
  "userDefined": false
},
{
	"text": " ",
	"userDefined": false
}
],
"isTemplate": false,
"count": 0,
"updated": 0
},
{
  "id": "9ef15fa6-4412-46d1-8baf-73a12df5aca1",
  "data": [
{
  "text": "what are some training programmes?",
  "userDefined": false
},
{
	"text": " ",
	"userDefined": false
}
],
"isTemplate": false,
"count": 0,
"updated": 0
},
{
  "id": "1c19eddc-1040-45cb-a565-3989a20014bc",
  "data": [
{
  "text": "training programmes",
  "userDefined": false
},
{
	"text": " ",
	"userDefined": false
}
],
"isTemplate": false,
"count": 0,
"updated": 0
},
{
  "id": "41c86aac-f909-484a-a936-cdd0b5136878",
  "data": [
{
  "text": "courses",
  "userDefined": false
},
{
	"text": " ",
	"userDefined": false
}
],
"isTemplate": false,
"count": 0,
"updated": 0
},
{
  "id": "777a97c6-fed5-423a-a0bf-bc6bdd02eb3e",
  "data": [
{
  "text": "name some training programmes",
  "userDefined": false
},
{
	"text": " ",
	"userDefined": false
}
],
"isTemplate": false,
"count": 0,
"updated": 0
},
{
  "id": "db613533-9ed6-4e27-9194-a1a087b47398",
  "data": [
{
  "text": "name some master classes",
  "userDefined": false
},
{
	"text": " ",
	"userDefined": false
}
],
"isTemplate": false,
"count": 0,
"updated": 0
},
{
  "id": "f0248e7e-ddfc-44ab-93eb-b13b82c85335",
  "data": [
{
  "text": "masterclass",
  "userDefined": false
},
{
	"text": " ",
	"userDefined": false
}
],
"isTemplate": false,
"count": 0,
"updated": 0
},
{
  "id": "e16f9171-f9a6-48c8-82f0-744c4d10157e",
  "data": [
{
  "text": "master class",
  "userDefined": false
},
{
	"text": " ",
	"userDefined": false
}
],
"isTemplate": false,
"count": 0,
"updated": 0
}
 ]
