[
{
  "id": "4d8d441f-474a-4def-9a63-7d2843607402",
  "data": [
{
  "text": "what is spaceonova?",
  "userDefined": false
},
{
	"text": " ",
	"userDefined": false
}
],
"isTemplate": false,
"count": 0,
"updated": 0
},
{
  "id": "b1089edf-b4db-4e7a-9792-e2c5b9277f95",
  "data": [
{
  "text": "what does spaceonova do?",
  "userDefined": false
},
{
	"text": " ",
	"userDefined": false
}
],
"isTemplate": false,
"count": 0,
"updated": 0
},
{
  "id": "4d2f7a6d-b891-4cda-a3cd-3fd82349df92",
  "data": [
{
  "text": "about spaceonova?",
  "userDefined": false
},
{
	"text": " ",
	"userDefined": false
}
],
"isTemplate": false,
"count": 0,
"updated": 0
},
{
  "id": "8636ee08-2cf8-4627-93af-011b2664737d",
  "data": [
{
  "text": "can you tell me about spaceonva?",
  "userDefined": false
},
{
	"text": " ",
	"userDefined": false
}
],
"isTemplate": false,
"count": 0,
"updated": 0
},
{
  "id": "faff677d-7ee2-4555-88e8-845abd4951e8",
  "data": [
{
  "text": "tell me about spaceonova organisation?",
  "userDefined": false
},
{
	"text": " ",
	"userDefined": false
}
],
"isTemplate": false,
"count": 0,
"updated": 0
},
{
  "id": "3e6d70a4-923e-44c3-ac33-5cf98da6958a",
  "data": [
{
  "text": "what is this organisaton for?",
  "userDefined": false
},
{
	"text": " ",
	"userDefined": false
}
],
"isTemplate": false,
"count": 0,
"updated": 0
},
{
  "id": "eeb5ae46-3592-4e93-a3cc-ba5c73bc23b6",
  "data": [
{
  "text": "what is the purpose of this organisation?",
  "userDefined": false
},
{
	"text": " ",
	"userDefined": false
}
],
"isTemplate": false,
"count": 0,
"updated": 0
}
 ]
