[
{
  "id": "d78d0d01-97aa-47a5-94d9-67eef9dc9c43",
  "data": [
{
  "text": "my ticket number is INC",
  "userDefined": false
},
{
	"text": " ",
	"userDefined": false
},
{
  "text": "0010029",
  "alias": "number",
  "meta": "@sys.number",
  "userDefined": true
},
{
	"text": " ",
	"userDefined": false
}
],
"isTemplate": false,
"count": 0,
"updated": 0
},
{
  "id": "cbd772a2-bcbd-454a-b2ed-79e591c54202",
  "data": [
{
  "text": "my ticket # is ",
  "userDefined": false
},
{
	"text": " ",
	"userDefined": false
},
{
  "text": "59",
  "alias": "number",
  "meta": "@sys.number",
  "userDefined": true
},
{
	"text": " ",
	"userDefined": false
}
],
"isTemplate": false,
"count": 0,
"updated": 0
},
{
  "id": "8037b1d1-a928-473f-afbd-09fcf1f6bfcf",
  "data": [
{
  "text": "the ticket number is INC",
  "userDefined": false
},
{
	"text": " ",
	"userDefined": false
},
{
  "text": "0010060",
  "alias": "number",
  "meta": "@sys.number",
  "userDefined": true
},
{
	"text": " ",
	"userDefined": false
}
],
"isTemplate": false,
"count": 0,
"updated": 0
},
{
  "id": "8991f490-bd65-4d35-9a45-ab15af61822c",
  "data": [
{
  "text": "my ticket number is ",
  "userDefined": false
},
{
	"text": " ",
	"userDefined": false
},
{
  "text": "30",
  "alias": "number",
  "meta": "@sys.number",
  "userDefined": true
},
{
	"text": " ",
	"userDefined": false
}
],
"isTemplate": false,
"count": 0,
"updated": 0
}
 ]
