[
{
  "id": "8ba67a14-3c4c-40ae-9293-92e929e204dc",
  "data": [
{
  "text": "check on status of my ticket",
  "userDefined": false
},
{
	"text": " ",
	"userDefined": false
}
],
"isTemplate": false,
"count": 0,
"updated": 0
},
{
  "id": "1b0de53c-9fed-4fed-890b-2264218211df",
  "data": [
{
  "text": "i would like status on my incident",
  "userDefined": false
},
{
	"text": " ",
	"userDefined": false
}
],
"isTemplate": false,
"count": 0,
"updated": 0
},
{
  "id": "96f5f615-e334-4d40-b79f-87d01a5e5a93",
  "data": [
{
  "text": "what is the status of my ticket",
  "userDefined": false
},
{
	"text": " ",
	"userDefined": false
}
],
"isTemplate": false,
"count": 0,
"updated": 0
}
 ]
