[
{
  "id": "4f833407-442d-4f04-a2ce-7f1c5c6c8971",
  "data": [
{
  "text": "helpdesk support",
  "userDefined": false
},
{
	"text": " ",
	"userDefined": false
}
],
"isTemplate": false,
"count": 0,
"updated": 0
},
{
  "id": "bd13215b-7bae-4d81-bc37-c097cc7c3916",
  "data": [
{
  "text": "create an incident",
  "userDefined": false
},
{
	"text": " ",
	"userDefined": false
}
],
"isTemplate": false,
"count": 0,
"updated": 0
},
{
  "id": "97d1e31c-af3d-4c44-9634-2189046c3469",
  "data": [
{
  "text": "i need to open a ticket",
  "userDefined": false
},
{
	"text": " ",
	"userDefined": false
}
],
"isTemplate": false,
"count": 0,
"updated": 0
}
 ]
