[
{
  "id": "ab84ef89-767f-42f9-9bb1-cb83519294ba",
  "data": [
{
  "text": "Bud Richardson",
  "alias": "username",
  "meta": "@sys.any",
  "userDefined": true
},
{
	"text": " ",
	"userDefined": false
},
{
  "text": " and ",
  "userDefined": false
},
{
	"text": " ",
	"userDefined": false
},
{
  "text": "my mobile phone will not turn on",
  "alias": "description",
  "meta": "@sys.any",
  "userDefined": true
},
{
	"text": " ",
	"userDefined": false
}
],
"isTemplate": false,
"count": 0,
"updated": 0
},
{
  "id": "28669dff-fd57-4630-a4dc-ad5d13bfd7a5",
  "data": [
{
  "text": "Margaret Grey",
  "alias": "username",
  "meta": "@sys.any",
  "userDefined": true
},
{
	"text": " ",
	"userDefined": false
},
{
  "text": ", my ",
  "userDefined": false
},
{
	"text": " ",
	"userDefined": false
},
{
  "text": "laptop has a blue screen",
  "alias": "description",
  "meta": "@sys.any",
  "userDefined": true
},
{
	"text": " ",
	"userDefined": false
}
],
"isTemplate": false,
"count": 0,
"updated": 0
},
{
  "id": "309428ef-1a77-4342-867e-e0eab893f28f",
  "data": [
{
  "text": "David Miller",
  "alias": "username",
  "meta": "@sys.any",
  "userDefined": true
},
{
	"text": " ",
	"userDefined": false
},
{
  "text": " and need to ",
  "userDefined": false
},
{
	"text": " ",
	"userDefined": false
},
{
  "text": "reset my password",
  "alias": "description",
  "meta": "@sys.any",
  "userDefined": true
},
{
	"text": " ",
	"userDefined": false
}
],
"isTemplate": false,
"count": 0,
"updated": 0
}
 ]
