[
{
  "id": "3d2526db-8443-48c8-890e-c1e1030e2249",
  "data": [
{
  "text": "can you develop a chatbot ?",
  "userDefined": false
},
{
	"text": " ",
	"userDefined": false
}
],
"isTemplate": false,
"count": 0,
"updated": 0
},
{
  "id": "90191f76-a287-4446-a78f-48df959ce0dc",
  "data": [
{
  "text": "are you a developer ?",
  "userDefined": false
},
{
	"text": " ",
	"userDefined": false
}
],
"isTemplate": false,
"count": 0,
"updated": 0
},
{
  "id": "358ddcca-46b7-444a-856d-6f4023e9a0e1",
  "data": [
{
  "text": "what are your skills ?",
  "userDefined": false
},
{
	"text": " ",
	"userDefined": false
}
],
"isTemplate": false,
"count": 0,
"updated": 0
}
 ]
