[
{
  "id": "f55967e8-5439-4ee8-a289-93c4e1e4b811",
  "data": [
{
  "text": "I want to develop my own chatbot",
  "userDefined": false
},
{
	"text": " ",
	"userDefined": false
}
],
"isTemplate": false,
"count": 0,
"updated": 0
},
{
  "id": "37f86020-0ba1-4ef9-86c8-d33a02c902d5",
  "data": [
{
  "text": "What is the price for developping my chatbot",
  "userDefined": false
},
{
	"text": " ",
	"userDefined": false
}
],
"isTemplate": false,
"count": 0,
"updated": 0
},
{
  "id": "d62400b2-dd3f-43ca-b597-61078e30d8cd",
  "data": [
{
  "text": "can I have a chatbot ?",
  "userDefined": false
},
{
	"text": " ",
	"userDefined": false
}
],
"isTemplate": false,
"count": 0,
"updated": 0
}
 ]
