[
{
  "id": "93aa2e78-476e-41d5-bcab-539dcdc7cebe",
  "data": [
{
  "text": "are you a bot?",
  "userDefined": false
},
{
	"text": " ",
	"userDefined": false
}
],
"isTemplate": false,
"count": 0,
"updated": 0
},
{
  "id": "0798678b-4192-4ab6-b0e5-35149375b9ed",
  "data": [
{
  "text": "are you a human?",
  "userDefined": false
},
{
	"text": " ",
	"userDefined": false
}
],
"isTemplate": false,
"count": 0,
"updated": 0
},
{
  "id": "09fd224d-7055-4505-965d-95b0d1c938ca",
  "data": [
{
  "text": "am I talking to a bot?",
  "userDefined": false
},
{
	"text": " ",
	"userDefined": false
}
],
"isTemplate": false,
"count": 0,
"updated": 0
},
{
  "id": "5046e70a-9f13-4543-a022-231f5cb43f04",
  "data": [
{
  "text": "am I talking to a human?",
  "userDefined": false
},
{
	"text": " ",
	"userDefined": false
}
],
"isTemplate": false,
"count": 0,
"updated": 0
}
 ]
