[
{
  "id": "7b1b8102-6145-4fb5-822c-73780fabeace",
  "data": [
{
  "text": "bye",
  "userDefined": false
},
{
	"text": " ",
	"userDefined": false
}
],
"isTemplate": false,
"count": 0,
"updated": 0
},
{
  "id": "9c86ddfa-2caf-4199-8405-c02eacc5c8dc",
  "data": [
{
  "text": "goodbye",
  "userDefined": false
},
{
	"text": " ",
	"userDefined": false
}
],
"isTemplate": false,
"count": 0,
"updated": 0
},
{
  "id": "5476a9ec-0de9-4935-bc3c-1e69a97f2299",
  "data": [
{
  "text": "see you around",
  "userDefined": false
},
{
	"text": " ",
	"userDefined": false
}
],
"isTemplate": false,
"count": 0,
"updated": 0
},
{
  "id": "877fdbf5-4f28-4216-91a7-f1a5681c576a",
  "data": [
{
  "text": "see you later",
  "userDefined": false
},
{
	"text": " ",
	"userDefined": false
}
],
"isTemplate": false,
"count": 0,
"updated": 0
}
 ]
