[
{
  "id": "1ebca9cd-033d-45b0-8fe0-2360006c6d89",
  "data": [
{
  "text": "sad",
  "userDefined": false
},
{
	"text": " ",
	"userDefined": false
}
],
"isTemplate": false,
"count": 0,
"updated": 0
},
{
  "id": "3f5402d5-d74a-4d61-9623-364bef193b4e",
  "data": [
{
  "text": "very sad",
  "userDefined": false
},
{
	"text": " ",
	"userDefined": false
}
],
"isTemplate": false,
"count": 0,
"updated": 0
},
{
  "id": "39624510-f7a9-41a7-b6f2-64017a217880",
  "data": [
{
  "text": "unhappy",
  "userDefined": false
},
{
	"text": " ",
	"userDefined": false
}
],
"isTemplate": false,
"count": 0,
"updated": 0
},
{
  "id": "69e1cd18-fad6-4e82-807a-3e51cd38346b",
  "data": [
{
  "text": "bad",
  "userDefined": false
},
{
	"text": " ",
	"userDefined": false
}
],
"isTemplate": false,
"count": 0,
"updated": 0
},
{
  "id": "1bba1770-bd8d-4e96-b14a-ee4217d78574",
  "data": [
{
  "text": "very bad",
  "userDefined": false
},
{
	"text": " ",
	"userDefined": false
}
],
"isTemplate": false,
"count": 0,
"updated": 0
},
{
  "id": "55f61667-e400-4d82-ba39-ca1d4b6cac49",
  "data": [
{
  "text": "awful",
  "userDefined": false
},
{
	"text": " ",
	"userDefined": false
}
],
"isTemplate": false,
"count": 0,
"updated": 0
},
{
  "id": "d420aaef-4380-403b-975e-756fbeffb241",
  "data": [
{
  "text": "terrible",
  "userDefined": false
},
{
	"text": " ",
	"userDefined": false
}
],
"isTemplate": false,
"count": 0,
"updated": 0
},
{
  "id": "c35a2268-7254-446e-b8c9-09674380f0ba",
  "data": [
{
  "text": "not very good",
  "userDefined": false
},
{
	"text": " ",
	"userDefined": false
}
],
"isTemplate": false,
"count": 0,
"updated": 0
},
{
  "id": "f4cde0cc-a985-4cd0-8d04-7014f8adba29",
  "data": [
{
  "text": "extremely sad",
  "userDefined": false
},
{
	"text": " ",
	"userDefined": false
}
],
"isTemplate": false,
"count": 0,
"updated": 0
},
{
  "id": "f3bdc160-d758-47fe-b768-c6dcd975b6a0",
  "data": [
{
  "text": "so sad",
  "userDefined": false
},
{
	"text": " ",
	"userDefined": false
}
],
"isTemplate": false,
"count": 0,
"updated": 0
}
 ]
