[
{
  "id": "23a33839-31fb-4f4f-961a-24ead5c759af",
  "data": [
{
  "text": "yes",
  "userDefined": false
},
{
	"text": " ",
	"userDefined": false
}
],
"isTemplate": false,
"count": 0,
"updated": 0
},
{
  "id": "22d2e5d0-d350-4b2c-b2dc-9a5dac8ba054",
  "data": [
{
  "text": "indeed",
  "userDefined": false
},
{
	"text": " ",
	"userDefined": false
}
],
"isTemplate": false,
"count": 0,
"updated": 0
},
{
  "id": "537b40ba-776d-48b3-ae19-2326e23e0bf3",
  "data": [
{
  "text": "of course",
  "userDefined": false
},
{
	"text": " ",
	"userDefined": false
}
],
"isTemplate": false,
"count": 0,
"updated": 0
},
{
  "id": "d7687bbb-e051-4950-84d9-9541a5523cc8",
  "data": [
{
  "text": "that sounds good",
  "userDefined": false
},
{
	"text": " ",
	"userDefined": false
}
],
"isTemplate": false,
"count": 0,
"updated": 0
},
{
  "id": "8d22a6bb-eabb-42ac-832f-91dd7187e4a4",
  "data": [
{
  "text": "correct",
  "userDefined": false
},
{
	"text": " ",
	"userDefined": false
}
],
"isTemplate": false,
"count": 0,
"updated": 0
}
 ]
