[
{
  "id": "b3d957b4-e8da-46b2-97e4-4ce530ce0758",
  "data": [
{
  "text": "perfect",
  "userDefined": false
},
{
	"text": " ",
	"userDefined": false
}
],
"isTemplate": false,
"count": 0,
"updated": 0
},
{
  "id": "ceb92a3d-cbe6-46b4-87b3-c77826068454",
  "data": [
{
  "text": "very good",
  "userDefined": false
},
{
	"text": " ",
	"userDefined": false
}
],
"isTemplate": false,
"count": 0,
"updated": 0
},
{
  "id": "cddb0538-745c-426a-bda8-e796a4e1bd6e",
  "data": [
{
  "text": "great",
  "userDefined": false
},
{
	"text": " ",
	"userDefined": false
}
],
"isTemplate": false,
"count": 0,
"updated": 0
},
{
  "id": "cbee7829-c00d-462e-9181-345212e68260",
  "data": [
{
  "text": "amazing",
  "userDefined": false
},
{
	"text": " ",
	"userDefined": false
}
],
"isTemplate": false,
"count": 0,
"updated": 0
},
{
  "id": "53ca8b30-f1f6-49db-af52-64c364f92f9d",
  "data": [
{
  "text": "wonderful",
  "userDefined": false
},
{
	"text": " ",
	"userDefined": false
}
],
"isTemplate": false,
"count": 0,
"updated": 0
},
{
  "id": "74f2196e-0078-4817-b33e-18a6074e7600",
  "data": [
{
  "text": "I am feeling very good",
  "userDefined": false
},
{
	"text": " ",
	"userDefined": false
}
],
"isTemplate": false,
"count": 0,
"updated": 0
},
{
  "id": "67127a60-4b4f-4ff0-bb26-4eef556b6155",
  "data": [
{
  "text": "I am great",
  "userDefined": false
},
{
	"text": " ",
	"userDefined": false
}
],
"isTemplate": false,
"count": 0,
"updated": 0
},
{
  "id": "9d48541e-f009-4319-8d04-9fa5958c875b",
  "data": [
{
  "text": "I'm good",
  "userDefined": false
},
{
	"text": " ",
	"userDefined": false
}
],
"isTemplate": false,
"count": 0,
"updated": 0
}
 ]
