[
{
  "id": "1e2a5005-472f-4a31-bca3-e2508c79fc65",
  "data": [
{
  "text": "Change my major",
  "userDefined": false
},
{
	"text": " ",
	"userDefined": false
}
],
"isTemplate": false,
"count": 0,
"updated": 0
},
{
  "id": "d4bfed6b-93b0-4bf8-b09b-00621e73dadd",
  "data": [
{
  "text": "Change of Major",
  "userDefined": false
},
{
	"text": " ",
	"userDefined": false
}
],
"isTemplate": false,
"count": 0,
"updated": 0
},
{
  "id": "403eed79-0e8e-4a0f-8c3d-b9e05cb3d165",
  "data": [
{
  "text": "Grad Check",
  "userDefined": false
},
{
	"text": " ",
	"userDefined": false
}
],
"isTemplate": false,
"count": 0,
"updated": 0
},
{
  "id": "3cb235a5-35cc-4268-ba12-80795ea7070e",
  "data": [
{
  "text": "Holds",
  "userDefined": false
},
{
	"text": " ",
	"userDefined": false
}
],
"isTemplate": false,
"count": 0,
"updated": 0
}
 ]
