[
{
  "id": "9c1882d2-01e6-480b-b4de-f543d2763097",
  "data": [
{
  "text": "I know ",
  "userDefined": false
},
{
	"text": " ",
	"userDefined": false
},
{
  "text": "javascript",
  "alias": "programming-language",
  "meta": "@programming-language",
  "userDefined": true
},
{
	"text": " ",
	"userDefined": false
}
],
"isTemplate": false,
"count": 0,
"updated": 0
},
{
  "id": "72ab5f60-2d5e-41eb-b794-d9ca408f6990",
  "data": [
{
  "text": "i know ",
  "userDefined": false
},
{
	"text": " ",
	"userDefined": false
},
{
  "text": "Py",
  "alias": "programming-language",
  "meta": "@programming-language",
  "userDefined": true
},
{
	"text": " ",
	"userDefined": false
}
],
"isTemplate": false,
"count": 0,
"updated": 0
},
{
  "id": "ef94923a-1c9a-4490-b867-7f363df3ee47",
  "data": [
{
  "text": "i can code in ",
  "userDefined": false
},
{
	"text": " ",
	"userDefined": false
},
{
  "text": "python",
  "alias": "programming-language",
  "meta": "@programming-language",
  "userDefined": true
},
{
	"text": " ",
	"userDefined": false
}
],
"isTemplate": false,
"count": 0,
"updated": 0
}
 ]
