[
{
  "id": "3b719308-bb17-4e69-ad7a-0f17833e7016",
  "data": [
{
  "text": "I know a little ",
  "userDefined": false
},
{
	"text": " ",
	"userDefined": false
},
{
  "text": "mandarin",
  "alias": "language",
  "meta": "@sys.any",
  "userDefined": true
},
{
	"text": " ",
	"userDefined": false
}
],
"isTemplate": false,
"count": 0,
"updated": 0
},
{
  "id": "0fa7692e-50fb-4e0f-93ec-6055ebc890cc",
  "data": [
{
  "text": "I can speak ",
  "userDefined": false
},
{
	"text": " ",
	"userDefined": false
},
{
  "text": "spanish",
  "alias": "language",
  "meta": "@sys.any",
  "userDefined": true
},
{
	"text": " ",
	"userDefined": false
}
],
"isTemplate": false,
"count": 0,
"updated": 0
},
{
  "id": "4b4814a9-14aa-4834-82fd-23ed079b3385",
  "data": [
{
  "text": "I know ",
  "userDefined": false
},
{
	"text": " ",
	"userDefined": false
},
{
  "text": "German",
  "alias": "language",
  "meta": "@sys.any",
  "userDefined": true
},
{
	"text": " ",
	"userDefined": false
}
],
"isTemplate": false,
"count": 0,
"updated": 0
},
{
  "id": "40cb82e6-bd43-4de5-a41e-d74fa7e1ec61",
  "data": [
{
  "text": "i speak ",
  "userDefined": false
},
{
	"text": " ",
	"userDefined": false
},
{
  "text": "French",
  "alias": "language",
  "meta": "@sys.any",
  "userDefined": true
},
{
	"text": " ",
	"userDefined": false
}
],
"isTemplate": false,
"count": 0,
"updated": 0
}
 ]
