[
{
  "id": "1ffe4d4e-953d-4f59-83f8-12050efd75b3",
  "data": [
{
  "text": "get status nr ",
  "userDefined": false
},
{
	"text": " ",
	"userDefined": false
},
{
  "text": "85",
  "alias": "userid",
  "meta": "@sys.number-integer",
  "userDefined": true
},
{
	"text": " ",
	"userDefined": false
}
],
"isTemplate": false,
"count": 0,
"updated": 0
},
{
  "id": "daaeef84-f4de-4b64-ba65-503affa24a88",
  "data": [
{
  "text": "look up a value for user ",
  "userDefined": false
},
{
	"text": " ",
	"userDefined": false
},
{
  "text": "11",
  "alias": "userid",
  "meta": "@sys.number-integer",
  "userDefined": true
},
{
	"text": " ",
	"userDefined": false
}
],
"isTemplate": false,
"count": 0,
"updated": 0
},
{
  "id": "1b04f4c6-a654-4a10-a850-c0890d6c912e",
  "data": [
{
  "text": "look up my status",
  "userDefined": false
},
{
	"text": " ",
	"userDefined": false
}
],
"isTemplate": false,
"count": 0,
"updated": 0
},
{
  "id": "b572bfa9-7b2f-4bec-baa6-d142c90bcc0e",
  "data": [
{
  "text": "read status",
  "userDefined": false
},
{
	"text": " ",
	"userDefined": false
}
],
"isTemplate": false,
"count": 0,
"updated": 0
},
{
  "id": "80c01ea0-f390-49e1-af6f-5770d192fbcb",
  "data": [
{
  "text": "read from database",
  "userDefined": false
},
{
	"text": " ",
	"userDefined": false
}
],
"isTemplate": false,
"count": 0,
"updated": 0
},
{
  "id": "0540123b-1516-4764-b4b8-75d5fa4ea2bb",
  "data": [
{
  "text": "get status",
  "userDefined": false
},
{
	"text": " ",
	"userDefined": false
}
],
"isTemplate": false,
"count": 0,
"updated": 0
}
 ]
