[
{
  "id": "16333448-fd09-4851-9fd9-f4f86d7c5f06",
  "data": [
{
  "text": "user ",
  "userDefined": false
},
{
	"text": " ",
	"userDefined": false
},
{
  "text": "12",
  "alias": "userid",
  "meta": "@sys.number-integer",
  "userDefined": true
},
{
	"text": " ",
	"userDefined": false
},
{
  "text": " log my status",
  "userDefined": false
},
{
	"text": " ",
	"userDefined": false
}
],
"isTemplate": false,
"count": 0,
"updated": 0
},
{
  "id": "765610b6-7915-42ae-8cf7-35fde7ca8697",
  "data": [
{
  "text": "save to database",
  "userDefined": false
},
{
	"text": " ",
	"userDefined": false
}
],
"isTemplate": false,
"count": 0,
"updated": 0
},
{
  "id": "dce6d144-e64b-4da1-8135-61c74b5efcd7",
  "data": [
{
  "text": "fill my diary",
  "userDefined": false
},
{
	"text": " ",
	"userDefined": false
}
],
"isTemplate": false,
"count": 0,
"updated": 0
},
{
  "id": "904ae083-5f49-4762-9380-63d9d68b68bd",
  "data": [
{
  "text": "save my condition",
  "userDefined": false
},
{
	"text": " ",
	"userDefined": false
}
],
"isTemplate": false,
"count": 0,
"updated": 0
},
{
  "id": "2783e495-a43f-4a15-8c3b-6f0a58db51d2",
  "data": [
{
  "text": "write an entry",
  "userDefined": false
},
{
	"text": " ",
	"userDefined": false
}
],
"isTemplate": false,
"count": 0,
"updated": 0
},
{
  "id": "2a1ac24b-cddf-4351-895c-630fdc22d229",
  "data": [
{
  "text": "record my status",
  "userDefined": false
},
{
	"text": " ",
	"userDefined": false
}
],
"isTemplate": false,
"count": 0,
"updated": 0
},
{
  "id": "9dec51c1-eaa6-4ff0-9c0a-6254cfc0df5a",
  "data": [
{
  "text": "log my status",
  "userDefined": false
},
{
	"text": " ",
	"userDefined": false
}
],
"isTemplate": false,
"count": 0,
"updated": 0
}
 ]
