[
{
  "id": "c7a1d75f-002a-495d-946a-2f0ed1b0780b",
  "data": [
{
  "text": "make a booking",
  "userDefined": false
},
{
	"text": " ",
	"userDefined": false
}
],
"isTemplate": false,
"count": 0,
"updated": 0
},
{
  "id": "3091cadc-36c9-469e-b3e9-a632123efece",
  "data": [
{
  "text": "book a slot",
  "userDefined": false
},
{
	"text": " ",
	"userDefined": false
}
],
"isTemplate": false,
"count": 0,
"updated": 0
},
{
  "id": "25bc1660-aebe-412a-ba53-1aa3df68cded",
  "data": [
{
  "text": "schedule a meeting",
  "userDefined": false
},
{
	"text": " ",
	"userDefined": false
}
],
"isTemplate": false,
"count": 0,
"updated": 0
},
{
  "id": "be12b2cd-d63f-4069-906d-81fd068be50d",
  "data": [
{
  "text": "make an appointment",
  "userDefined": false
},
{
	"text": " ",
	"userDefined": false
}
],
"isTemplate": false,
"count": 0,
"updated": 0
},
{
  "id": "ea1eb7ec-a00a-452d-a746-477d3cbb3955",
  "data": [
{
  "text": "book me for ",
  "userDefined": false
},
{
	"text": " ",
	"userDefined": false
},
{
  "text": "Monday",
  "alias": "date",
  "meta": "@sys.date",
  "userDefined": true
},
{
	"text": " ",
	"userDefined": false
},
{
  "text": " ",
  "userDefined": false
},
{
	"text": " ",
	"userDefined": false
},
{
  "text": "10am",
  "alias": "time",
  "meta": "@sys.time",
  "userDefined": true
},
{
	"text": " ",
	"userDefined": false
}
],
"isTemplate": false,
"count": 0,
"updated": 0
},
{
  "id": "fc68493f-c749-49b8-b5e0-f0c9acd2e11b",
  "data": [
{
  "text": "Make appointment for ",
  "userDefined": false
},
{
	"text": " ",
	"userDefined": false
},
{
  "text": "1 october",
  "alias": "date",
  "meta": "@sys.date",
  "userDefined": true
},
{
	"text": " ",
	"userDefined": false
}
],
"isTemplate": false,
"count": 0,
"updated": 0
},
{
  "id": "948117ef-aa08-419b-b1d7-28a757ce05bc",
  "data": [
{
  "text": "book a meeting for ",
  "userDefined": false
},
{
	"text": " ",
	"userDefined": false
},
{
  "text": "tomorrow",
  "alias": "date",
  "meta": "@sys.date",
  "userDefined": true
},
{
	"text": " ",
	"userDefined": false
}
],
"isTemplate": false,
"count": 0,
"updated": 0
},
{
  "id": "efda37a9-8c3c-4aa6-b888-1fa771927274",
  "data": [
{
  "text": "i want make an appointment for ",
  "userDefined": false
},
{
	"text": " ",
	"userDefined": false
},
{
  "text": "tuesday",
  "alias": "date",
  "meta": "@sys.date",
  "userDefined": true
},
{
	"text": " ",
	"userDefined": false
}
],
"isTemplate": false,
"count": 0,
"updated": 0
}
 ]
