[
{
  "id": "a7f57858-8e3f-4298-8a36-4d947d10e4eb",
  "data": [
{
  "text": "I have a ",
  "userDefined": false
},
{
	"text": " ",
	"userDefined": false
},
{
  "text": "problem",
  "alias": "service_request",
  "meta": "@service_request",
  "userDefined": true
},
{
	"text": " ",
	"userDefined": false
}
],
"isTemplate": false,
"count": 0,
"updated": 0
},
{
  "id": "29f81b90-1015-49ed-a467-341c60dd676c",
  "data": [
{
  "text": "I have an ",
  "userDefined": false
},
{
	"text": " ",
	"userDefined": false
},
{
  "text": "issue",
  "alias": "service_request",
  "meta": "@service_request",
  "userDefined": true
},
{
	"text": " ",
	"userDefined": false
}
],
"isTemplate": false,
"count": 0,
"updated": 0
},
{
  "id": "caab4171-a666-4701-a7d5-3058d8baea11",
  "data": [
{
  "text": "I have a ",
  "userDefined": false
},
{
	"text": " ",
	"userDefined": false
},
{
  "text": "complaint",
  "alias": "service_request",
  "meta": "@service_request",
  "userDefined": true
},
{
	"text": " ",
	"userDefined": false
}
],
"isTemplate": false,
"count": 0,
"updated": 0
},
{
  "id": "a7cd8c1b-f962-4ab1-b052-25cd39fb9f63",
  "data": [
{
  "text": "i want to raise a ",
  "userDefined": false
},
{
	"text": " ",
	"userDefined": false
},
{
  "text": "service request",
  "alias": "service_request",
  "meta": "@service_request",
  "userDefined": true
},
{
	"text": " ",
	"userDefined": false
}
],
"isTemplate": false,
"count": 0,
"updated": 0
}
 ]
