[
	{
	   "value": "Today",
	   "synonyms": [
	   	"Today",
	   	"Today",
	   	"Now"
	   ]
	} ,
	{
	   "value": "Tomorrow",
	   "synonyms": [
	   	"Tomorrow",
	   	"Tomorrow",
	   	"tommorrow"
	   ]
	} ,
	{
	   "value": "Next Sunday",
	   "synonyms": [
	   	"Next Sunday",
	   	"Next Sunday",
	   	"Sunday"
	   ]
	} ,
	{
	   "value": "Next Monday",
	   "synonyms": [
	   	"Next Monday",
	   	"Next Monday",
	   	"Monday"
	   ]
	} ,
	{
	   "value": "Next Tuseday",
	   "synonyms": [
	   	"Next Tuseday",
	   	"Next Tuseday",
	   	"Tuseday"
	   ]
	} ,
	{
	   "value": "Next Wednesday",
	   "synonyms": [
	   	"Next Wednesday",
	   	"Next Wednesday",
	   	"wednesday"
	   ]
	} ,
	{
	   "value": "Next Turseday",
	   "synonyms": [
	   	"Next Turseday",
	   	"Next Turseday",
	   	"Turseday"
	   ]
	} ,
	{
	   "value": "Next Friday",
	   "synonyms": [
	   	"Next Friday",
	   	"Next Friday",
	   	"Friday"
	   ]
	} ,
	{
	   "value": "Next Saturday",
	   "synonyms": [
	   	"Next Saturday",
	   	"Next Saturday",
	   	"Saturday"
	   ]
	} 
]
