[
{
  "id": "31b50b8f-df0c-41b2-9d41-5cf74f0918fc",
  "data": [
{
  "text": "are you a bot?",
  "userDefined": false
},
{
	"text": " ",
	"userDefined": false
}
],
"isTemplate": false,
"count": 0,
"updated": 0
},
{
  "id": "ed6f97dd-2ba2-48da-a52d-6817fa0f8d2a",
  "data": [
{
  "text": "are you a human?",
  "userDefined": false
},
{
	"text": " ",
	"userDefined": false
}
],
"isTemplate": false,
"count": 0,
"updated": 0
},
{
  "id": "0b6ba222-0ee5-4e59-89a6-fe0d23395a53",
  "data": [
{
  "text": "am I talking to a bot?",
  "userDefined": false
},
{
	"text": " ",
	"userDefined": false
}
],
"isTemplate": false,
"count": 0,
"updated": 0
},
{
  "id": "86adc2b8-8879-406b-951b-e72ed51727cd",
  "data": [
{
  "text": "am I talking to a human?",
  "userDefined": false
},
{
	"text": " ",
	"userDefined": false
}
],
"isTemplate": false,
"count": 0,
"updated": 0
},
{
  "id": "559f7476-9618-4b3f-9601-30c299b30d1f",
  "data": [
{
  "text": "Who are you?",
  "userDefined": false
},
{
	"text": " ",
	"userDefined": false
}
],
"isTemplate": false,
"count": 0,
"updated": 0
}
 ]
