[
{
  "id": "adb048da-6fbb-4b0d-b733-bc85497aa77d",
  "data": [
{
  "text": "bye",
  "userDefined": false
},
{
	"text": " ",
	"userDefined": false
}
],
"isTemplate": false,
"count": 0,
"updated": 0
},
{
  "id": "6a2cf6e0-5226-484e-904f-f16ce5f6f3b0",
  "data": [
{
  "text": "goodbye",
  "userDefined": false
},
{
	"text": " ",
	"userDefined": false
}
],
"isTemplate": false,
"count": 0,
"updated": 0
},
{
  "id": "4249e8d7-11c6-48f2-9898-e7d892af720d",
  "data": [
{
  "text": "see you around",
  "userDefined": false
},
{
	"text": " ",
	"userDefined": false
}
],
"isTemplate": false,
"count": 0,
"updated": 0
},
{
  "id": "2972aadb-ad36-4cab-a628-391b2d13851e",
  "data": [
{
  "text": "see you later",
  "userDefined": false
},
{
	"text": " ",
	"userDefined": false
}
],
"isTemplate": false,
"count": 0,
"updated": 0
},
{
  "id": "67b27693-7d79-4c96-ba80-96ecae9e0f47",
  "data": [
{
  "text": "I want to something different",
  "userDefined": false
},
{
	"text": " ",
	"userDefined": false
}
],
"isTemplate": false,
"count": 0,
"updated": 0
}
 ]
