[
{
  "id": "7d859988-a619-4306-a44f-75704fa2aa5b",
  "data": [
{
  "text": "what is the aim of nep",
  "userDefined": false
},
{
	"text": " ",
	"userDefined": false
}
],
"isTemplate": false,
"count": 0,
"updated": 0
},
{
  "id": "54a7ea8a-0ebf-4f71-b11d-cbfd15ef0e32",
  "data": [
{
  "text": "tell me about goal of nep",
  "userDefined": false
},
{
	"text": " ",
	"userDefined": false
}
],
"isTemplate": false,
"count": 0,
"updated": 0
},
{
  "id": "8d94b0ac-7528-42bd-9623-19148eb6fe78",
  "data": [
{
  "text": "why is new education policy",
  "userDefined": false
},
{
	"text": " ",
	"userDefined": false
}
],
"isTemplate": false,
"count": 0,
"updated": 0
},
{
  "id": "a49b66e0-15f1-400b-b065-804d8f5eca63",
  "data": [
{
  "text": "why nep in india",
  "userDefined": false
},
{
	"text": " ",
	"userDefined": false
}
],
"isTemplate": false,
"count": 0,
"updated": 0
},
{
  "id": "1d21cca1-5fe8-4ae1-8c51-dda7425afca0",
  "data": [
{
  "text": "can you tell me different about nep",
  "userDefined": false
},
{
	"text": " ",
	"userDefined": false
}
],
"isTemplate": false,
"count": 0,
"updated": 0
},
{
  "id": "f2bef0ee-09ab-4f0d-8650-dd389dc40b4c",
  "data": [
{
  "text": "can you tell me about goal of nep",
  "userDefined": false
},
{
	"text": " ",
	"userDefined": false
}
],
"isTemplate": false,
"count": 0,
"updated": 0
}
 ]
