[
{
  "id": "3e7f4a80-039c-45a0-b64c-fea57afb1da3",
  "data": [
{
  "text": "what will impact on mphill course",
  "userDefined": false
},
{
	"text": " ",
	"userDefined": false
}
],
"isTemplate": false,
"count": 0,
"updated": 0
},
{
  "id": "80feba9c-6e2a-431c-8b65-5937ca6a16a1",
  "data": [
{
  "text": "tell me about mphill in nep",
  "userDefined": false
},
{
	"text": " ",
	"userDefined": false
}
],
"isTemplate": false,
"count": 0,
"updated": 0
},
{
  "id": "c0198edf-6d32-474f-960b-a2263d7e78be",
  "data": [
{
  "text": "what change in mphill programme",
  "userDefined": false
},
{
	"text": " ",
	"userDefined": false
}
],
"isTemplate": false,
"count": 0,
"updated": 0
},
{
  "id": "ead83d3c-03b3-40c7-80a1-da75f88c3aa9",
  "data": [
{
  "text": "tell me about effect on mphill degree",
  "userDefined": false
},
{
	"text": " ",
	"userDefined": false
}
],
"isTemplate": false,
"count": 0,
"updated": 0
}
 ]
