[
{
  "id": "f58fe437-181f-4dba-b70e-b4f3cdcb1c69",
  "data": [
{
  "text": "is that true foreign university set up in india",
  "userDefined": false
},
{
	"text": " ",
	"userDefined": false
}
],
"isTemplate": false,
"count": 0,
"updated": 0
},
{
  "id": "ac396214-caea-48e5-8be0-d0ccbe0fe83c",
  "data": [
{
  "text": "what about foreign college",
  "userDefined": false
},
{
	"text": " ",
	"userDefined": false
}
],
"isTemplate": false,
"count": 0,
"updated": 0
},
{
  "id": "705e2171-6e0f-476f-a53f-e7852baa9912",
  "data": [
{
  "text": "why is foreign university in india",
  "userDefined": false
},
{
	"text": " ",
	"userDefined": false
}
],
"isTemplate": false,
"count": 0,
"updated": 0
},
{
  "id": "ee1f8bf8-e937-42de-8eea-cffe3a4c0cb2",
  "data": [
{
  "text": "tell me about foreign policy in nep",
  "userDefined": false
},
{
	"text": " ",
	"userDefined": false
}
],
"isTemplate": false,
"count": 0,
"updated": 0
}
 ]
