[
{
  "id": "132ce1c8-e17a-4bd0-a822-ee8ef0ceb2fe",
  "data": [
{
  "text": "what is nep",
  "userDefined": false
},
{
	"text": " ",
	"userDefined": false
}
],
"isTemplate": false,
"count": 0,
"updated": 0
},
{
  "id": "a8fe708a-a6d5-4c8a-8ab7-1c20f5f4fd99",
  "data": [
{
  "text": "what do you know about nep",
  "userDefined": false
},
{
	"text": " ",
	"userDefined": false
}
],
"isTemplate": false,
"count": 0,
"updated": 0
},
{
  "id": "90419456-224c-486d-873d-12296cf71f54",
  "data": [
{
  "text": "tell me about nep",
  "userDefined": false
},
{
	"text": " ",
	"userDefined": false
}
],
"isTemplate": false,
"count": 0,
"updated": 0
},
{
  "id": "5d8bdb5a-e613-4f12-9b44-a8d32ac80954",
  "data": [
{
  "text": "tell me new education policy",
  "userDefined": false
},
{
	"text": " ",
	"userDefined": false
}
],
"isTemplate": false,
"count": 0,
"updated": 0
},
{
  "id": "012a7b04-b797-49a7-b0db-d6b80e864776",
  "data": [
{
  "text": "what is new education policy of india",
  "userDefined": false
},
{
	"text": " ",
	"userDefined": false
}
],
"isTemplate": false,
"count": 0,
"updated": 0
}
 ]
