[
{
  "id": "aa01cfb7-a448-4a0f-b1f5-5331478c1afc",
  "data": [
{
  "text": "what is more about nep",
  "userDefined": false
},
{
	"text": " ",
	"userDefined": false
}
],
"isTemplate": false,
"count": 0,
"updated": 0
},
{
  "id": "77911f22-d420-42d8-a6e0-1249ba912855",
  "data": [
{
  "text": "tell me more about nep",
  "userDefined": false
},
{
	"text": " ",
	"userDefined": false
}
],
"isTemplate": false,
"count": 0,
"updated": 0
},
{
  "id": "4e6558ca-b44e-4f3c-8d4e-d86b2cf332b9",
  "data": [
{
  "text": "do you know more about that",
  "userDefined": false
},
{
	"text": " ",
	"userDefined": false
}
],
"isTemplate": false,
"count": 0,
"updated": 0
}
 ]
