[
{
  "id": "2a287702-c826-4e20-9b23-731c601fed85",
  "data": [
{
  "text": "what will impact on bachelor",
  "userDefined": false
},
{
	"text": " ",
	"userDefined": false
}
],
"isTemplate": false,
"count": 0,
"updated": 0
},
{
  "id": "30d169f0-f8c0-4ed8-81e7-856461e5600b",
  "data": [
{
  "text": "tell me bachelor course",
  "userDefined": false
},
{
	"text": " ",
	"userDefined": false
}
],
"isTemplate": false,
"count": 0,
"updated": 0
},
{
  "id": "13754ac3-fef0-49e2-bbc8-ce8aae1d6b1b",
  "data": [
{
  "text": "what changes in bachelor course",
  "userDefined": false
},
{
	"text": " ",
	"userDefined": false
}
],
"isTemplate": false,
"count": 0,
"updated": 0
},
{
  "id": "76a14ceb-1142-4581-a4aa-2dc008aaadbc",
  "data": [
{
  "text": "what will the effect if i am college going student",
  "userDefined": false
},
{
	"text": " ",
	"userDefined": false
}
],
"isTemplate": false,
"count": 0,
"updated": 0
},
{
  "id": "9538e30c-d1f5-4926-ab51-32ccca970815",
  "data": [
{
  "text": "tell me about effect on bachelor degree",
  "userDefined": false
},
{
	"text": " ",
	"userDefined": false
}
],
"isTemplate": false,
"count": 0,
"updated": 0
},
{
  "id": "ef4041c9-a2dd-43d6-9d70-acfcc1d0eaf8",
  "data": [
{
  "text": "college",
  "userDefined": false
},
{
	"text": " ",
	"userDefined": false
}
],
"isTemplate": false,
"count": 0,
"updated": 0
}
 ]
