[
{
  "id": "7b70ffde-875c-467d-a53e-1c020715ea0c",
  "data": [
{
  "text": "what is unique in nep",
  "userDefined": false
},
{
	"text": " ",
	"userDefined": false
}
],
"isTemplate": false,
"count": 0,
"updated": 0
},
{
  "id": "22329b53-4012-48de-8888-acb96f71255b",
  "data": [
{
  "text": "is anything different in nep",
  "userDefined": false
},
{
	"text": " ",
	"userDefined": false
}
],
"isTemplate": false,
"count": 0,
"updated": 0
},
{
  "id": "3bc4848f-40e2-4822-a21b-85ee103a911b",
  "data": [
{
  "text": "tell me about uniqueness of nep",
  "userDefined": false
},
{
	"text": " ",
	"userDefined": false
}
],
"isTemplate": false,
"count": 0,
"updated": 0
}
 ]
