[
{
  "id": "bd54b2a5-9991-46fa-adbd-6cec20aa6b17",
  "data": [
{
  "text": "what is the effect on school students",
  "userDefined": false
},
{
	"text": " ",
	"userDefined": false
}
],
"isTemplate": false,
"count": 0,
"updated": 0
},
{
  "id": "32329f51-707c-41ca-99cd-f47bceab3404",
  "data": [
{
  "text": "tell me about effect on school student",
  "userDefined": false
},
{
	"text": " ",
	"userDefined": false
}
],
"isTemplate": false,
"count": 0,
"updated": 0
},
{
  "id": "7e4f7bac-3d1b-4f66-8b77-d9aca38c4414",
  "data": [
{
  "text": "what changes in school",
  "userDefined": false
},
{
	"text": " ",
	"userDefined": false
}
],
"isTemplate": false,
"count": 0,
"updated": 0
},
{
  "id": "c7e86fa4-fa77-4637-8f9b-67c39320ad90",
  "data": [
{
  "text": "what will impact on schools",
  "userDefined": false
},
{
	"text": " ",
	"userDefined": false
}
],
"isTemplate": false,
"count": 0,
"updated": 0
},
{
  "id": "3153d393-7fb4-4e41-adc1-a67619cb8a47",
  "data": [
{
  "text": "higher education",
  "userDefined": false
},
{
	"text": " ",
	"userDefined": false
}
],
"isTemplate": false,
"count": 0,
"updated": 0
},
{
  "id": "6a47a7f2-22de-4d30-98e8-83f78215a5c2",
  "data": [
{
  "text": "school",
  "userDefined": false
},
{
	"text": " ",
	"userDefined": false
}
],
"isTemplate": false,
"count": 0,
"updated": 0
}
 ]
