[
{
  "id": "adedebc4-e44d-4c79-a140-8cbc88d8c77b",
  "data": [
{
  "text": "what is history of education policy",
  "userDefined": false
},
{
	"text": " ",
	"userDefined": false
}
],
"isTemplate": false,
"count": 0,
"updated": 0
},
{
  "id": "19997059-7a7a-45a7-bfc8-409810450668",
  "data": [
{
  "text": "what is previous education policy",
  "userDefined": false
},
{
	"text": " ",
	"userDefined": false
}
],
"isTemplate": false,
"count": 0,
"updated": 0
},
{
  "id": "22d7199f-c09c-42f6-9d94-d5c01793a917",
  "data": [
{
  "text": "what is history of nep",
  "userDefined": false
},
{
	"text": " ",
	"userDefined": false
}
],
"isTemplate": false,
"count": 0,
"updated": 0
},
{
  "id": "277a6a18-198e-41a7-a85b-6ddf3f1a86d1",
  "data": [
{
  "text": "tell me about history of nep",
  "userDefined": false
},
{
	"text": " ",
	"userDefined": false
}
],
"isTemplate": false,
"count": 0,
"updated": 0
}
 ]
