[
{
  "id": "5865a453-a541-4fc9-8866-48aa52a48641",
  "data": [
{
  "text": "can I get three bedroom apartments please",
  "userDefined": false
},
{
	"text": " ",
	"userDefined": false
}
],
"isTemplate": false,
"count": 0,
"updated": 0
},
{
  "id": "b62f2b30-e16d-4231-8e06-5dbc181e4245",
  "data": [
{
  "text": "I don't want to order the same",
  "userDefined": false
},
{
	"text": " ",
	"userDefined": false
}
],
"isTemplate": false,
"count": 0,
"updated": 0
},
{
  "id": "c26d87cb-c9dd-4fe5-adf7-30d20eb5713b",
  "data": [
{
  "text": "I want to order a flight to New York",
  "userDefined": false
},
{
	"text": " ",
	"userDefined": false
}
],
"isTemplate": false,
"count": 0,
"updated": 0
},
{
  "id": "f6a2005b-504b-47e6-95c4-60ca4b29ba73",
  "data": [
{
  "text": "I want to be able to make a good cappuccino",
  "userDefined": false
},
{
	"text": " ",
	"userDefined": false
}
],
"isTemplate": false,
"count": 0,
"updated": 0
},
{
  "id": "36faf85d-1e00-4f55-825e-635bc87d1412",
  "data": [
{
  "text": "I don't like cappuccino",
  "userDefined": false
},
{
	"text": " ",
	"userDefined": false
}
],
"isTemplate": false,
"count": 0,
"updated": 0
},
{
  "id": "62f671a8-b9c9-402c-ae00-60963267079f",
  "data": [
{
  "text": "I'd love to get a bag of almonds please",
  "userDefined": false
},
{
	"text": " ",
	"userDefined": false
}
],
"isTemplate": false,
"count": 0,
"updated": 0
},
{
  "id": "e41a69a7-1289-49dd-9875-ef833b725906",
  "data": [
{
  "text": "I want to order a credit card",
  "userDefined": false
},
{
	"text": " ",
	"userDefined": false
}
],
"isTemplate": false,
"count": 0,
"updated": 0
},
{
  "id": "a873b0fa-d21b-4219-aec2-9428507a154b",
  "data": [
{
  "text": "I don't want to order a gift cards",
  "userDefined": false
},
{
	"text": " ",
	"userDefined": false
}
],
"isTemplate": false,
"count": 0,
"updated": 0
}
 ]
