[
{
  "id": "6d4b0cc8-d409-45f2-b7ae-2f1c0434b04c",
  "data": [
{
  "text": "that's correct",
  "userDefined": false
},
{
	"text": " ",
	"userDefined": false
}
],
"isTemplate": false,
"count": 0,
"updated": 0
},
{
  "id": "e4348bff-78e1-4301-b82e-97ee0696c173",
  "data": [
{
  "text": "exactly",
  "userDefined": false
},
{
	"text": " ",
	"userDefined": false
}
],
"isTemplate": false,
"count": 0,
"updated": 0
},
{
  "id": "4b8a6bf5-1a05-4dae-b5b2-61e87fce98f7",
  "data": [
{
  "text": "confirm",
  "userDefined": false
},
{
	"text": " ",
	"userDefined": false
}
],
"isTemplate": false,
"count": 0,
"updated": 0
},
{
  "id": "f740efce-559d-45a6-8f31-9c1b4c9f2fd0",
  "data": [
{
  "text": "sounds good",
  "userDefined": false
},
{
	"text": " ",
	"userDefined": false
}
],
"isTemplate": false,
"count": 0,
"updated": 0
},
{
  "id": "0b06d4cf-ac0a-4543-b4f3-e2e6783db444",
  "data": [
{
  "text": "usual card",
  "userDefined": false
},
{
	"text": " ",
	"userDefined": false
}
],
"isTemplate": false,
"count": 0,
"updated": 0
},
{
  "id": "39e42b9e-24a8-4ca5-a127-d20901ce20d7",
  "data": [
{
  "text": "I agree",
  "userDefined": false
},
{
	"text": " ",
	"userDefined": false
}
],
"isTemplate": false,
"count": 0,
"updated": 0
},
{
  "id": "a9d54327-345b-48f0-9aa4-80fb0a86ce91",
  "data": [
{
  "text": "yes",
  "userDefined": false
},
{
	"text": " ",
	"userDefined": false
}
],
"isTemplate": false,
"count": 0,
"updated": 0
},
{
  "id": "9f1b91f8-52da-4f57-9794-6361735f36d3",
  "data": [
{
  "text": "sure",
  "userDefined": false
},
{
	"text": " ",
	"userDefined": false
}
],
"isTemplate": false,
"count": 0,
"updated": 0
},
{
  "id": "1f2920e6-714a-425e-add4-f2ebd920ad21",
  "data": [
{
  "text": "same",
  "userDefined": false
},
{
	"text": " ",
	"userDefined": false
}
],
"isTemplate": false,
"count": 0,
"updated": 0
},
{
  "id": "8d152a4e-f98d-4636-9a32-1a52fa6463ae",
  "data": [
{
  "text": "of course",
  "userDefined": false
},
{
	"text": " ",
	"userDefined": false
}
],
"isTemplate": false,
"count": 0,
"updated": 0
},
{
  "id": "db973ea3-8153-4c37-a514-e4e6fec7b07d",
  "data": [
{
  "text": "same card",
  "userDefined": false
},
{
	"text": " ",
	"userDefined": false
}
],
"isTemplate": false,
"count": 0,
"updated": 0
}
 ]
