[
{
  "id": "073278d0-0fca-4789-b42f-3d166eef107d",
  "data": [
{
  "text": "definitely not",
  "userDefined": false
},
{
	"text": " ",
	"userDefined": false
}
],
"isTemplate": false,
"count": 0,
"updated": 0
},
{
  "id": "b35067cc-0da5-470c-b832-5f80849b7551",
  "data": [
{
  "text": "thanks but no",
  "userDefined": false
},
{
	"text": " ",
	"userDefined": false
}
],
"isTemplate": false,
"count": 0,
"updated": 0
},
{
  "id": "b07d3f5a-9c41-4d48-861a-c647c6d34f6e",
  "data": [
{
  "text": "not interested",
  "userDefined": false
},
{
	"text": " ",
	"userDefined": false
}
],
"isTemplate": false,
"count": 0,
"updated": 0
},
{
  "id": "475156e2-11f2-4f3a-9fbc-b36b67505a05",
  "data": [
{
  "text": "I don't want that",
  "userDefined": false
},
{
	"text": " ",
	"userDefined": false
}
],
"isTemplate": false,
"count": 0,
"updated": 0
},
{
  "id": "d53d1467-3098-4555-9f8a-e7a07c94d230",
  "data": [
{
  "text": "I don't think so",
  "userDefined": false
},
{
	"text": " ",
	"userDefined": false
}
],
"isTemplate": false,
"count": 0,
"updated": 0
},
{
  "id": "30d34815-5501-4c34-a194-a8605c380f2a",
  "data": [
{
  "text": "not really",
  "userDefined": false
},
{
	"text": " ",
	"userDefined": false
}
],
"isTemplate": false,
"count": 0,
"updated": 0
},
{
  "id": "1f09db57-5c81-40da-8f9c-ad5c70f61d47",
  "data": [
{
  "text": "don't do it",
  "userDefined": false
},
{
	"text": " ",
	"userDefined": false
}
],
"isTemplate": false,
"count": 0,
"updated": 0
},
{
  "id": "035bba36-8132-4052-b773-8152658dbb4c",
  "data": [
{
  "text": "no",
  "userDefined": false
},
{
	"text": " ",
	"userDefined": false
}
],
"isTemplate": false,
"count": 0,
"updated": 0
},
{
  "id": "88339df9-a94d-4838-85eb-7225d71506f7",
  "data": [
{
  "text": "I disagree",
  "userDefined": false
},
{
	"text": " ",
	"userDefined": false
}
],
"isTemplate": false,
"count": 0,
"updated": 0
}
 ]
