[
{
  "id": "db0b17d0-de9f-4350-acd9-d0bee86e5bc0",
  "data": [
{
  "text": "definitely not",
  "userDefined": false
},
{
	"text": " ",
	"userDefined": false
}
],
"isTemplate": false,
"count": 0,
"updated": 0
},
{
  "id": "ee9131ab-f75b-4a94-9f9c-bc58e7f71c75",
  "data": [
{
  "text": "thanks but no",
  "userDefined": false
},
{
	"text": " ",
	"userDefined": false
}
],
"isTemplate": false,
"count": 0,
"updated": 0
},
{
  "id": "42f0608d-fc27-449f-a179-be644ff8c8b9",
  "data": [
{
  "text": "not interested",
  "userDefined": false
},
{
	"text": " ",
	"userDefined": false
}
],
"isTemplate": false,
"count": 0,
"updated": 0
},
{
  "id": "c5ee444c-4ad9-46f1-87e6-356d797c0ba8",
  "data": [
{
  "text": "I don't want that",
  "userDefined": false
},
{
	"text": " ",
	"userDefined": false
}
],
"isTemplate": false,
"count": 0,
"updated": 0
},
{
  "id": "a42416c9-26c6-40ab-b69d-9e42c94c31ab",
  "data": [
{
  "text": "I don't think so",
  "userDefined": false
},
{
	"text": " ",
	"userDefined": false
}
],
"isTemplate": false,
"count": 0,
"updated": 0
},
{
  "id": "eaa931d8-1537-455e-8365-9da430a59df5",
  "data": [
{
  "text": "not really",
  "userDefined": false
},
{
	"text": " ",
	"userDefined": false
}
],
"isTemplate": false,
"count": 0,
"updated": 0
},
{
  "id": "c6f993fe-73f1-4f46-8a3e-8ed073e88103",
  "data": [
{
  "text": "don't do it",
  "userDefined": false
},
{
	"text": " ",
	"userDefined": false
}
],
"isTemplate": false,
"count": 0,
"updated": 0
},
{
  "id": "c58f1d04-37ce-481f-a22b-95b6593dd6a0",
  "data": [
{
  "text": "no",
  "userDefined": false
},
{
	"text": " ",
	"userDefined": false
}
],
"isTemplate": false,
"count": 0,
"updated": 0
},
{
  "id": "24216f01-27c3-4432-8622-46cfd3d24428",
  "data": [
{
  "text": "I disagree",
  "userDefined": false
},
{
	"text": " ",
	"userDefined": false
}
],
"isTemplate": false,
"count": 0,
"updated": 0
}
 ]
