[
{
  "id": "4e63a53c-9894-43ea-b4e0-7509f307bc12",
  "data": [
{
  "text": "I want to have what I always have",
  "userDefined": false
},
{
	"text": " ",
	"userDefined": false
}
],
"isTemplate": false,
"count": 0,
"updated": 0
},
{
  "id": "f8bf9622-40d3-4f5a-b65d-6adcbc0c663f",
  "data": [
{
  "text": "can I have usual",
  "userDefined": false
},
{
	"text": " ",
	"userDefined": false
}
],
"isTemplate": false,
"count": 0,
"updated": 0
},
{
  "id": "a1b51cfb-5dc3-4acf-8226-06acad591188",
  "data": [
{
  "text": "can I ",
  "userDefined": false
},
{
	"text": " ",
	"userDefined": false
},
{
  "text": "pick up",
  "alias": "delivery-pickup",
  "meta": "@delivery-pickup",
  "userDefined": true
},
{
	"text": " ",
	"userDefined": false
},
{
  "text": " my last order",
  "userDefined": false
},
{
	"text": " ",
	"userDefined": false
}
],
"isTemplate": false,
"count": 0,
"updated": 0
},
{
  "id": "33ec2330-0091-4ec5-862f-7463d9b8f5b9",
  "data": [
{
  "text": "I want to order the same",
  "userDefined": false
},
{
	"text": " ",
	"userDefined": false
}
],
"isTemplate": false,
"count": 0,
"updated": 0
},
{
  "id": "e43ed131-980e-40a8-a533-f2c8e46573de",
  "data": [
{
  "text": "deliver",
  "alias": "delivery-pickup",
  "meta": "@delivery-pickup",
  "userDefined": true
},
{
	"text": " ",
	"userDefined": false
},
{
  "text": " me my usual",
  "userDefined": false
},
{
	"text": " ",
	"userDefined": false
}
],
"isTemplate": false,
"count": 0,
"updated": 0
},
{
  "id": "bfdf61c8-2c85-4609-a35f-c6afbbb1eba3",
  "data": [
{
  "text": "as usual please",
  "userDefined": false
},
{
	"text": " ",
	"userDefined": false
}
],
"isTemplate": false,
"count": 0,
"updated": 0
},
{
  "id": "1bec84f6-5936-46c0-9437-fa36e3e8e0f7",
  "data": [
{
  "text": "repeat my last order",
  "userDefined": false
},
{
	"text": " ",
	"userDefined": false
}
],
"isTemplate": false,
"count": 0,
"updated": 0
}
 ]
