[
{
  "id": "44a9ea8a-b8e5-4d5b-a0ca-572e99519b22",
  "data": [
{
  "text": "of course",
  "userDefined": false
},
{
	"text": " ",
	"userDefined": false
}
],
"isTemplate": false,
"count": 0,
"updated": 0
},
{
  "id": "872c2f51-7a01-420f-8ad9-d70f9669060e",
  "data": [
{
  "text": "sounds good",
  "userDefined": false
},
{
	"text": " ",
	"userDefined": false
}
],
"isTemplate": false,
"count": 0,
"updated": 0
},
{
  "id": "14291327-0f1e-47e0-8ff2-e9a2bced9830",
  "data": [
{
  "text": "that's correct",
  "userDefined": false
},
{
	"text": " ",
	"userDefined": false
}
],
"isTemplate": false,
"count": 0,
"updated": 0
},
{
  "id": "4e20bb5c-bd49-475f-8ec4-c4739fbd2f6f",
  "data": [
{
  "text": "confirm",
  "userDefined": false
},
{
	"text": " ",
	"userDefined": false
}
],
"isTemplate": false,
"count": 0,
"updated": 0
},
{
  "id": "dfee683f-5cbe-4043-8c74-22802690514c",
  "data": [
{
  "text": "sure",
  "userDefined": false
},
{
	"text": " ",
	"userDefined": false
}
],
"isTemplate": false,
"count": 0,
"updated": 0
},
{
  "id": "bee9c934-b3ad-4750-9aa0-75c18a7ab0bb",
  "data": [
{
  "text": "do it",
  "userDefined": false
},
{
	"text": " ",
	"userDefined": false
}
],
"isTemplate": false,
"count": 0,
"updated": 0
},
{
  "id": "f8465e13-f900-426a-8537-b6fb574a4a3c",
  "data": [
{
  "text": "I don't mind",
  "userDefined": false
},
{
	"text": " ",
	"userDefined": false
}
],
"isTemplate": false,
"count": 0,
"updated": 0
},
{
  "id": "5db14e91-6370-4060-a954-e39e43acda51",
  "data": [
{
  "text": "I agree",
  "userDefined": false
},
{
	"text": " ",
	"userDefined": false
}
],
"isTemplate": false,
"count": 0,
"updated": 0
},
{
  "id": "e539f203-7b90-45fa-9478-ec735a8d4b78",
  "data": [
{
  "text": "yes",
  "userDefined": false
},
{
	"text": " ",
	"userDefined": false
}
],
"isTemplate": false,
"count": 0,
"updated": 0
},
{
  "id": "0354e233-abb0-476b-9c02-91c69c9738e7",
  "data": [
{
  "text": "exactly",
  "userDefined": false
},
{
	"text": " ",
	"userDefined": false
}
],
"isTemplate": false,
"count": 0,
"updated": 0
}
 ]
