[
{
  "id": "21378fbc-d454-47b5-b2d6-98e076190aab",
  "data": [
{
  "text": "don't do it",
  "userDefined": false
},
{
	"text": " ",
	"userDefined": false
}
],
"isTemplate": false,
"count": 0,
"updated": 0
},
{
  "id": "80ba8667-b280-4495-94ca-b762d83ec7f1",
  "data": [
{
  "text": "no ",
  "userDefined": false
},
{
	"text": " ",
	"userDefined": false
},
{
  "text": "333333333333",
  "alias": "card-number",
  "meta": "@sys.number",
  "userDefined": true
},
{
	"text": " ",
	"userDefined": false
}
],
"isTemplate": false,
"count": 0,
"updated": 0
},
{
  "id": "e9cffd73-cbde-4428-9542-7f651204f770",
  "data": [
{
  "text": "no",
  "userDefined": false
},
{
	"text": " ",
	"userDefined": false
}
],
"isTemplate": false,
"count": 0,
"updated": 0
},
{
  "id": "faf692ff-648a-4c7d-81a5-4a6add54ec57",
  "data": [
{
  "text": "I don't think so",
  "userDefined": false
},
{
	"text": " ",
	"userDefined": false
}
],
"isTemplate": false,
"count": 0,
"updated": 0
},
{
  "id": "7e7b6afb-242b-472a-96b8-2aa1f9a152be",
  "data": [
{
  "text": "not really",
  "userDefined": false
},
{
	"text": " ",
	"userDefined": false
}
],
"isTemplate": false,
"count": 0,
"updated": 0
},
{
  "id": "ab0719e8-66de-493e-9869-690b472750fe",
  "data": [
{
  "text": "thanks but no",
  "userDefined": false
},
{
	"text": " ",
	"userDefined": false
}
],
"isTemplate": false,
"count": 0,
"updated": 0
},
{
  "id": "882a88b5-d551-40d0-a7f7-913e54153a47",
  "data": [
{
  "text": "not interested",
  "userDefined": false
},
{
	"text": " ",
	"userDefined": false
}
],
"isTemplate": false,
"count": 0,
"updated": 0
},
{
  "id": "7a99715b-904f-49df-9910-6b8f2416dea2",
  "data": [
{
  "text": "I disagree",
  "userDefined": false
},
{
	"text": " ",
	"userDefined": false
}
],
"isTemplate": false,
"count": 0,
"updated": 0
},
{
  "id": "911f5c09-3e78-455a-8dc6-f8ef451d20b1",
  "data": [
{
  "text": "definitely not",
  "userDefined": false
},
{
	"text": " ",
	"userDefined": false
}
],
"isTemplate": false,
"count": 0,
"updated": 0
},
{
  "id": "0008f66c-2e85-4339-b4dc-5d6a34fde740",
  "data": [
{
  "text": "I don't want that",
  "userDefined": false
},
{
	"text": " ",
	"userDefined": false
}
],
"isTemplate": false,
"count": 0,
"updated": 0
}
 ]
