[
{
  "id": "b5c93ec6-318e-409f-afb8-8de4a23dac7e",
  "data": [
{
  "text": "order gift card",
  "userDefined": false
},
{
	"text": " ",
	"userDefined": false
}
],
"isTemplate": false,
"count": 0,
"updated": 0
},
{
  "id": "d01705d7-5fd4-4495-a7b1-76e3c429e16a",
  "data": [
{
  "text": "I want to order a gift card with ",
  "userDefined": false
},
{
	"text": " ",
	"userDefined": false
},
{
  "text": "50$",
  "alias": "card-balance",
  "meta": "@sys.any",
  "userDefined": true
},
{
	"text": " ",
	"userDefined": false
},
{
  "text": " on it",
  "userDefined": false
},
{
	"text": " ",
	"userDefined": false
}
],
"isTemplate": false,
"count": 0,
"updated": 0
},
{
  "id": "f74d3f2e-d112-41cf-ac9e-7ceef1c2033a",
  "data": [
{
  "text": "I'm looking for a present",
  "userDefined": false
},
{
	"text": " ",
	"userDefined": false
}
],
"isTemplate": false,
"count": 0,
"updated": 0
},
{
  "id": "79603385-46b7-4766-aa2a-665ec1fe3652",
  "data": [
{
  "text": "I want to buy a gift card as a present",
  "userDefined": false
},
{
	"text": " ",
	"userDefined": false
}
],
"isTemplate": false,
"count": 0,
"updated": 0
},
{
  "id": "9b83558d-dc87-482f-af53-9b165b76debc",
  "data": [
{
  "text": "I want a gift card",
  "userDefined": false
},
{
	"text": " ",
	"userDefined": false
}
],
"isTemplate": false,
"count": 0,
"updated": 0
},
{
  "id": "2e0b898f-096f-4b71-9b07-c0c6126b92af",
  "data": [
{
  "text": "100 $",
  "alias": "card-balance",
  "meta": "@sys.any",
  "userDefined": true
},
{
	"text": " ",
	"userDefined": false
},
{
  "text": " gift card please",
  "userDefined": false
},
{
	"text": " ",
	"userDefined": false
}
],
"isTemplate": false,
"count": 0,
"updated": 0
},
{
  "id": "673c2f49-c317-411f-9b6d-2ea1a75a9a64",
  "data": [
{
  "text": "I need a present",
  "userDefined": false
},
{
	"text": " ",
	"userDefined": false
}
],
"isTemplate": false,
"count": 0,
"updated": 0
},
{
  "id": "7ad8e601-4929-45eb-b7cd-661bc0fa8d0d",
  "data": [
{
  "text": "let's buy a gift card",
  "userDefined": false
},
{
	"text": " ",
	"userDefined": false
}
],
"isTemplate": false,
"count": 0,
"updated": 0
},
{
  "id": "f1df7b61-f01e-47e3-9c8a-94da5224c389",
  "data": [
{
  "text": "deliver",
  "alias": "delivery-pickup",
  "meta": "@delivery-pickup",
  "userDefined": true
},
{
	"text": " ",
	"userDefined": false
},
{
  "text": " the gift card to me",
  "userDefined": false
},
{
	"text": " ",
	"userDefined": false
}
],
"isTemplate": false,
"count": 0,
"updated": 0
}
 ]
