[
{
  "id": "52ac063e-3e48-43d6-8d00-08ddd3c86086",
  "data": [
{
  "text": "of course",
  "userDefined": false
},
{
	"text": " ",
	"userDefined": false
}
],
"isTemplate": false,
"count": 0,
"updated": 0
},
{
  "id": "1e5e3c33-c743-4434-baf2-6739aff39d7f",
  "data": [
{
  "text": "sounds good",
  "userDefined": false
},
{
	"text": " ",
	"userDefined": false
}
],
"isTemplate": false,
"count": 0,
"updated": 0
},
{
  "id": "b64f3354-7e6b-44a7-9688-d56908294d5d",
  "data": [
{
  "text": "that's correct",
  "userDefined": false
},
{
	"text": " ",
	"userDefined": false
}
],
"isTemplate": false,
"count": 0,
"updated": 0
},
{
  "id": "ed28ee90-b9fc-4303-a338-8ead21685f27",
  "data": [
{
  "text": "confirm",
  "userDefined": false
},
{
	"text": " ",
	"userDefined": false
}
],
"isTemplate": false,
"count": 0,
"updated": 0
},
{
  "id": "2963d076-1aa0-4a86-98ae-d6b16cfbb886",
  "data": [
{
  "text": "sure",
  "userDefined": false
},
{
	"text": " ",
	"userDefined": false
}
],
"isTemplate": false,
"count": 0,
"updated": 0
},
{
  "id": "d54d24d2-c8ec-456a-af58-95d7eb374b42",
  "data": [
{
  "text": "do it",
  "userDefined": false
},
{
	"text": " ",
	"userDefined": false
}
],
"isTemplate": false,
"count": 0,
"updated": 0
},
{
  "id": "913ed643-833e-4710-a4da-038afb59d5b2",
  "data": [
{
  "text": "I don't mind",
  "userDefined": false
},
{
	"text": " ",
	"userDefined": false
}
],
"isTemplate": false,
"count": 0,
"updated": 0
},
{
  "id": "06c7bf1f-9148-4e25-9f4e-4eb60b5cf665",
  "data": [
{
  "text": "I agree",
  "userDefined": false
},
{
	"text": " ",
	"userDefined": false
}
],
"isTemplate": false,
"count": 0,
"updated": 0
},
{
  "id": "74a1b2d8-ddf0-4e9d-b1d4-64be2a76140f",
  "data": [
{
  "text": "yes",
  "userDefined": false
},
{
	"text": " ",
	"userDefined": false
}
],
"isTemplate": false,
"count": 0,
"updated": 0
},
{
  "id": "66050c11-0a56-473e-b938-f03dea743eab",
  "data": [
{
  "text": "exactly",
  "userDefined": false
},
{
	"text": " ",
	"userDefined": false
}
],
"isTemplate": false,
"count": 0,
"updated": 0
}
 ]
