[
{
  "id": "6954e305-17db-471f-a202-5cbb9816fe7b",
  "data": [
{
  "text": "no this one ",
  "userDefined": false
},
{
	"text": " ",
	"userDefined": false
},
{
  "text": "11111111111",
  "alias": "card-number",
  "meta": "@sys.number",
  "userDefined": true
},
{
	"text": " ",
	"userDefined": false
}
],
"isTemplate": false,
"count": 0,
"updated": 0
},
{
  "id": "b34320a4-d703-4a95-a51f-a02940f078ab",
  "data": [
{
  "text": "I don't think so",
  "userDefined": false
},
{
	"text": " ",
	"userDefined": false
}
],
"isTemplate": false,
"count": 0,
"updated": 0
},
{
  "id": "95b6f7d2-9994-429e-9693-19ea45470512",
  "data": [
{
  "text": "don't do it",
  "userDefined": false
},
{
	"text": " ",
	"userDefined": false
}
],
"isTemplate": false,
"count": 0,
"updated": 0
},
{
  "id": "64731c5a-247d-4451-a657-5df3846b5237",
  "data": [
{
  "text": "thanks but no",
  "userDefined": false
},
{
	"text": " ",
	"userDefined": false
}
],
"isTemplate": false,
"count": 0,
"updated": 0
},
{
  "id": "2a40a26b-6fc1-489a-9499-824187d8cb43",
  "data": [
{
  "text": "definitely not",
  "userDefined": false
},
{
	"text": " ",
	"userDefined": false
}
],
"isTemplate": false,
"count": 0,
"updated": 0
},
{
  "id": "e217b1fe-8c83-4984-abcc-6cabd9127b28",
  "data": [
{
  "text": "different",
  "userDefined": false
},
{
	"text": " ",
	"userDefined": false
}
],
"isTemplate": false,
"count": 0,
"updated": 0
},
{
  "id": "923371cb-cc55-4873-b191-e9c312af0df8",
  "data": [
{
  "text": "I disagree",
  "userDefined": false
},
{
	"text": " ",
	"userDefined": false
}
],
"isTemplate": false,
"count": 0,
"updated": 0
},
{
  "id": "58782056-df05-493f-8a99-62fc0f3f95ef",
  "data": [
{
  "text": "another one",
  "userDefined": false
},
{
	"text": " ",
	"userDefined": false
}
],
"isTemplate": false,
"count": 0,
"updated": 0
},
{
  "id": "1a776b73-7cfe-4400-bb73-0f30a649f1eb",
  "data": [
{
  "text": "no",
  "userDefined": false
},
{
	"text": " ",
	"userDefined": false
}
],
"isTemplate": false,
"count": 0,
"updated": 0
},
{
  "id": "c948c4fb-93f6-4fd2-adf8-6469cfec6d65",
  "data": [
{
  "text": "I don't want that",
  "userDefined": false
},
{
	"text": " ",
	"userDefined": false
}
],
"isTemplate": false,
"count": 0,
"updated": 0
},
{
  "id": "cd561a25-01cd-46ce-b2f7-f9194258f81e",
  "data": [
{
  "text": "not really",
  "userDefined": false
},
{
	"text": " ",
	"userDefined": false
}
],
"isTemplate": false,
"count": 0,
"updated": 0
},
{
  "id": "2cd1a7f0-9f45-4ac0-ad38-a1bef599f6d2",
  "data": [
{
  "text": "not interested",
  "userDefined": false
},
{
	"text": " ",
	"userDefined": false
}
],
"isTemplate": false,
"count": 0,
"updated": 0
}
 ]
