[
	{
	   "value": "cars",
	   "synonyms": [
	   	"cars",
	   	"auto",
	   	"automotive",
	   	"cars"
	   ]
	} ,
	{
	   "value": "connected home",
	   "synonyms": [
	   	"connected home",
	   	"connected bot app",
	   	"connected home"
	   ]
	} ,
	{
	   "value": "entertainment",
	   "synonyms": [
	   	"entertainment",
	   	"entertainment",
	   	"fun"
	   ]
	} ,
	{
	   "value": "finance",
	   "synonyms": [
	   	"finance",
	   	"bank",
	   	"finance",
	   	"insurance"
	   ]
	} ,
	{
	   "value": "flight booking",
	   "synonyms": [
	   	"flight booking",
	   	"flight",
	   	"flight booking"
	   ]
	} ,
	{
	   "value": "food",
	   "synonyms": [
	   	"food",
	   	"food"
	   ]
	} ,
	{
	   "value": "hotel booking",
	   "synonyms": [
	   	"hotel booking",
	   	"hotel",
	   	"hotel booking"
	   ]
	} ,
	{
	   "value": "restaurant booking",
	   "synonyms": [
	   	"restaurant booking",
	   	"restaurant",
	   	"restaurant booking"
	   ]
	} ,
	{
	   "value": "sport",
	   "synonyms": [
	   	"sport",
	   	"sport"
	   ]
	} ,
	{
	   "value": "support",
	   "synonyms": [
	   	"support",
	   	"crm",
	   	"customer support",
	   	"support"
	   ]
	} ,
	{
	   "value": "travel",
	   "synonyms": [
	   	"travel",
	   	"travel"
	   ]
	} 
]
