[
	{
	   "value": "Assistant",
	   "synonyms": [
	   	"Assistant",
	   	"Actions on Google",
	   	"Assistant",
	   	"actions",
	   	"aog"
	   ]
	} ,
	{
	   "value": "Facebook Messenger",
	   "synonyms": [
	   	"Facebook Messenger",
	   	"facebook",
	   	"facebook messenger"
	   ]
	} ,
	{
	   "value": "Kik",
	   "synonyms": [
	   	"Kik",
	   	"kik"
	   ]
	} ,
	{
	   "value": "Line",
	   "synonyms": [
	   	"Line",
	   	"line"
	   ]
	} ,
	{
	   "value": "Skype",
	   "synonyms": [
	   	"Skype",
	   	"skype"
	   ]
	} ,
	{
	   "value": "Slack",
	   "synonyms": [
	   	"Slack",
	   	"Slack"
	   ]
	} ,
	{
	   "value": "Telegram",
	   "synonyms": [
	   	"Telegram",
	   	"telegram"
	   ]
	} ,
	{
	   "value": "Twitter",
	   "synonyms": [
	   	"Twitter",
	   	"twitter"
	   ]
	} 
]
