[
	{
	   "value": "Android SDK",
	   "synonyms": [
	   	"Android SDK",
	   	"Android",
	   	"Android SDK"
	   ]
	} ,
	{
	   "value": "C#",
	   "synonyms": [
	   	"C#",
	   	"C#"
	   ]
	} ,
	{
	   "value": "C++",
	   "synonyms": [
	   	"C++",
	   	"C++"
	   ]
	} ,
	{
	   "value": "HTML",
	   "synonyms": [
	   	"HTML",
	   	"HTML"
	   ]
	} ,
	{
	   "value": "JavaScript",
	   "synonyms": [
	   	"JavaScript",
	   	"JavaScript"
	   ]
	} ,
	{
	   "value": "iOS SDK",
	   "synonyms": [
	   	"iOS SDK",
	   	"iOS SDK",
	   	"ios"
	   ]
	} ,
	{
	   "value": "java",
	   "synonyms": [
	   	"java",
	   	"java"
	   ]
	} ,
	{
	   "value": "node js",
	   "synonyms": [
	   	"node js",
	   	"node js"
	   ]
	} ,
	{
	   "value": "php",
	   "synonyms": [
	   	"php",
	   	"php"
	   ]
	} ,
	{
	   "value": "python",
	   "synonyms": [
	   	"python",
	   	"python"
	   ]
	} ,
	{
	   "value": "ruby",
	   "synonyms": [
	   	"ruby",
	   	"ruby"
	   ]
	} ,
	{
	   "value": "unity",
	   "synonyms": [
	   	"unity",
	   	"unity"
	   ]
	} 
]
