[
{
  "id": "44213bd4-055b-4417-9599-83923f9bd564",
  "data": [
{
  "text": "bye",
  "userDefined": false
},
{
	"text": " ",
	"userDefined": false
}
],
"isTemplate": false,
"count": 0,
"updated": 0
},
{
  "id": "444426a0-e472-4185-9484-cff16eabe7fc",
  "data": [
{
  "text": "goodbye",
  "userDefined": false
},
{
	"text": " ",
	"userDefined": false
}
],
"isTemplate": false,
"count": 0,
"updated": 0
},
{
  "id": "84823c39-4e21-4fc6-92b9-def0e6807415",
  "data": [
{
  "text": "see you around",
  "userDefined": false
},
{
	"text": " ",
	"userDefined": false
}
],
"isTemplate": false,
"count": 0,
"updated": 0
},
{
  "id": "d1f7a282-0c75-4166-8cf3-c220e0e5e99e",
  "data": [
{
  "text": "see you later",
  "userDefined": false
},
{
	"text": " ",
	"userDefined": false
}
],
"isTemplate": false,
"count": 0,
"updated": 0
}
 ]
