[
{
  "id": "27f39268-a097-4377-89a0-0a47adc9d5df",
  "data": [
{
  "text": "hey",
  "userDefined": false
},
{
	"text": " ",
	"userDefined": false
}
],
"isTemplate": false,
"count": 0,
"updated": 0
},
{
  "id": "adbc230b-fbd4-4da1-8cbc-55d022bd621e",
  "data": [
{
  "text": "hello",
  "userDefined": false
},
{
	"text": " ",
	"userDefined": false
}
],
"isTemplate": false,
"count": 0,
"updated": 0
},
{
  "id": "76f060fe-d93f-475c-88dd-3da96deffddd",
  "data": [
{
  "text": "hi",
  "userDefined": false
},
{
	"text": " ",
	"userDefined": false
}
],
"isTemplate": false,
"count": 0,
"updated": 0
},
{
  "id": "a0ea1807-245d-4c35-8510-ead941650ccf",
  "data": [
{
  "text": "good morning",
  "userDefined": false
},
{
	"text": " ",
	"userDefined": false
}
],
"isTemplate": false,
"count": 0,
"updated": 0
},
{
  "id": "5b0cb77a-4e37-4ecd-a04c-29be751d24cf",
  "data": [
{
  "text": "good evening",
  "userDefined": false
},
{
	"text": " ",
	"userDefined": false
}
],
"isTemplate": false,
"count": 0,
"updated": 0
},
{
  "id": "864ae647-98d1-40c2-a29f-4ce6c983118a",
  "data": [
{
  "text": "hey there",
  "userDefined": false
},
{
	"text": " ",
	"userDefined": false
}
],
"isTemplate": false,
"count": 0,
"updated": 0
}
 ]
