[
{
  "id": "5681e0d3-dea1-46d4-a2cc-98706dae5ac6",
  "data": [
{
  "text": "no",
  "userDefined": false
},
{
	"text": " ",
	"userDefined": false
}
],
"isTemplate": false,
"count": 0,
"updated": 0
},
{
  "id": "987521cb-9b21-4be0-b12a-bc0d40e40781",
  "data": [
{
  "text": "never",
  "userDefined": false
},
{
	"text": " ",
	"userDefined": false
}
],
"isTemplate": false,
"count": 0,
"updated": 0
},
{
  "id": "f9781831-e4e6-4e27-b045-6ac6ae2ab676",
  "data": [
{
  "text": "I don't think so",
  "userDefined": false
},
{
	"text": " ",
	"userDefined": false
}
],
"isTemplate": false,
"count": 0,
"updated": 0
},
{
  "id": "041df585-ef5d-4199-a07b-f8efe7c0858c",
  "data": [
{
  "text": "don't like that",
  "userDefined": false
},
{
	"text": " ",
	"userDefined": false
}
],
"isTemplate": false,
"count": 0,
"updated": 0
},
{
  "id": "8e1186d6-dae0-4011-9b81-c1711c5ca235",
  "data": [
{
  "text": "no way",
  "userDefined": false
},
{
	"text": " ",
	"userDefined": false
}
],
"isTemplate": false,
"count": 0,
"updated": 0
},
{
  "id": "3bcfdde3-a085-4c46-a5ce-694a41b648a9",
  "data": [
{
  "text": "not really",
  "userDefined": false
},
{
	"text": " ",
	"userDefined": false
}
],
"isTemplate": false,
"count": 0,
"updated": 0
}
 ]
