[
{
  "id": "7210df35-3803-407f-a717-43307bfdeb3b",
  "data": [
{
  "text": "hey",
  "userDefined": false
},
{
	"text": " ",
	"userDefined": false
}
],
"isTemplate": false,
"count": 0,
"updated": 0
},
{
  "id": "dc846eaf-b241-4cd3-bd25-c2b92127c634",
  "data": [
{
  "text": "hello",
  "userDefined": false
},
{
	"text": " ",
	"userDefined": false
}
],
"isTemplate": false,
"count": 0,
"updated": 0
},
{
  "id": "167d32d4-1dad-4f3b-b8ec-16220423db1a",
  "data": [
{
  "text": "hi",
  "userDefined": false
},
{
	"text": " ",
	"userDefined": false
}
],
"isTemplate": false,
"count": 0,
"updated": 0
},
{
  "id": "957f107c-3881-4359-a4ae-1ef0a45d7364",
  "data": [
{
  "text": "good morning",
  "userDefined": false
},
{
	"text": " ",
	"userDefined": false
}
],
"isTemplate": false,
"count": 0,
"updated": 0
},
{
  "id": "e1d69e36-6986-4898-b367-0a7a6596ac47",
  "data": [
{
  "text": "good evening",
  "userDefined": false
},
{
	"text": " ",
	"userDefined": false
}
],
"isTemplate": false,
"count": 0,
"updated": 0
},
{
  "id": "cb199c4d-955e-4a6e-8ddb-fe2f0ffdb306",
  "data": [
{
  "text": "hey there",
  "userDefined": false
},
{
	"text": " ",
	"userDefined": false
}
],
"isTemplate": false,
"count": 0,
"updated": 0
}
 ]
