[
{
  "id": "d0ca0901-78b6-42be-be84-9fcba07e36d4",
  "data": [
{
  "text": "sad",
  "userDefined": false
},
{
	"text": " ",
	"userDefined": false
}
],
"isTemplate": false,
"count": 0,
"updated": 0
},
{
  "id": "38fb006a-367a-4003-adbe-7f3ec40dabe8",
  "data": [
{
  "text": "very sad",
  "userDefined": false
},
{
	"text": " ",
	"userDefined": false
}
],
"isTemplate": false,
"count": 0,
"updated": 0
},
{
  "id": "2600938b-2569-4d58-b82f-79e79edaad5d",
  "data": [
{
  "text": "unhappy",
  "userDefined": false
},
{
	"text": " ",
	"userDefined": false
}
],
"isTemplate": false,
"count": 0,
"updated": 0
},
{
  "id": "2505aabc-7108-4767-b72b-d5efacae01b1",
  "data": [
{
  "text": "bad",
  "userDefined": false
},
{
	"text": " ",
	"userDefined": false
}
],
"isTemplate": false,
"count": 0,
"updated": 0
},
{
  "id": "55170849-7e61-46ae-8b03-cc9be8ca29c4",
  "data": [
{
  "text": "very bad",
  "userDefined": false
},
{
	"text": " ",
	"userDefined": false
}
],
"isTemplate": false,
"count": 0,
"updated": 0
},
{
  "id": "83277528-3500-4b09-97bd-7c20335ddbb3",
  "data": [
{
  "text": "awful",
  "userDefined": false
},
{
	"text": " ",
	"userDefined": false
}
],
"isTemplate": false,
"count": 0,
"updated": 0
},
{
  "id": "ee23aac5-7c49-48a8-83b2-349c504b5372",
  "data": [
{
  "text": "terrible",
  "userDefined": false
},
{
	"text": " ",
	"userDefined": false
}
],
"isTemplate": false,
"count": 0,
"updated": 0
},
{
  "id": "eb0bdbc0-1872-493d-b4bc-a00cfa02875b",
  "data": [
{
  "text": "not very good",
  "userDefined": false
},
{
	"text": " ",
	"userDefined": false
}
],
"isTemplate": false,
"count": 0,
"updated": 0
},
{
  "id": "c8d227a7-0354-40f4-884d-08ec5750ce39",
  "data": [
{
  "text": "extremely sad",
  "userDefined": false
},
{
	"text": " ",
	"userDefined": false
}
],
"isTemplate": false,
"count": 0,
"updated": 0
},
{
  "id": "0a225d31-c211-41b5-a321-e8839c035af4",
  "data": [
{
  "text": "so sad",
  "userDefined": false
},
{
	"text": " ",
	"userDefined": false
}
],
"isTemplate": false,
"count": 0,
"updated": 0
}
 ]
