[
{
  "id": "9a02c4b3-8a4d-4aaa-96af-3f02d9ca9d3b",
  "data": [
{
  "text": "perfect",
  "userDefined": false
},
{
	"text": " ",
	"userDefined": false
}
],
"isTemplate": false,
"count": 0,
"updated": 0
},
{
  "id": "53ebb508-120b-4fb8-8c58-84a261c504a3",
  "data": [
{
  "text": "very good",
  "userDefined": false
},
{
	"text": " ",
	"userDefined": false
}
],
"isTemplate": false,
"count": 0,
"updated": 0
},
{
  "id": "8e8cacf6-f6d5-4416-93e1-ba195fea6e41",
  "data": [
{
  "text": "great",
  "userDefined": false
},
{
	"text": " ",
	"userDefined": false
}
],
"isTemplate": false,
"count": 0,
"updated": 0
},
{
  "id": "4aa87f85-c355-4403-8c46-364fd572bc50",
  "data": [
{
  "text": "amazing",
  "userDefined": false
},
{
	"text": " ",
	"userDefined": false
}
],
"isTemplate": false,
"count": 0,
"updated": 0
},
{
  "id": "eb7783b7-7abe-4d6c-9c5e-ffa14a05a8d8",
  "data": [
{
  "text": "wonderful",
  "userDefined": false
},
{
	"text": " ",
	"userDefined": false
}
],
"isTemplate": false,
"count": 0,
"updated": 0
},
{
  "id": "304135a7-8881-47eb-a56d-241d67e153a8",
  "data": [
{
  "text": "I am feeling very good",
  "userDefined": false
},
{
	"text": " ",
	"userDefined": false
}
],
"isTemplate": false,
"count": 0,
"updated": 0
},
{
  "id": "4013678f-b6d8-4596-bae2-42907c061007",
  "data": [
{
  "text": "I am great",
  "userDefined": false
},
{
	"text": " ",
	"userDefined": false
}
],
"isTemplate": false,
"count": 0,
"updated": 0
},
{
  "id": "7d4737ca-f7b7-460e-b32c-e306be628d7f",
  "data": [
{
  "text": "I'm good",
  "userDefined": false
},
{
	"text": " ",
	"userDefined": false
}
],
"isTemplate": false,
"count": 0,
"updated": 0
}
 ]
