[
	{
	   "value": "@flavor:flavor @milk_type:milk_type @drink:milkshake ",
	   "synonyms": [
	   	"@flavor:flavor @milk_type:milk_type @drink:milkshake "
	   ]
	} ,
	{
	   "value": "@drink:drink ",
	   "synonyms": [
	   	"@drink:drink "
	   ]
	} ,
	{
	   "value": "@flavor:flavor @drink:drink ",
	   "synonyms": [
	   	"@flavor:flavor @drink:drink "
	   ]
	} ,
	{
	   "value": "@milk_type:milk_type @flavor:flavor @drink:milkshake ",
	   "synonyms": [
	   	"@milk_type:milk_type @flavor:flavor @drink:milkshake "
	   ]
	} 
]
