[
	{
	   "value": "chocolate",
	   "synonyms": [
	   	"chocolate",
	   	"chocolate",
	   	"mocha"
	   ]
	} ,
	{
	   "value": "vanilla",
	   "synonyms": [
	   	"vanilla",
	   	"vanilla"
	   ]
	} ,
	{
	   "value": "strawberry",
	   "synonyms": [
	   	"strawberry",
	   	"strawberry"
	   ]
	} ,
	{
	   "value": "caramel",
	   "synonyms": [
	   	"caramel",
	   	"caramel"
	   ]
	} ,
	{
	   "value": "blueberry",
	   "synonyms": [
	   	"blueberry",
	   	"blueberry"
	   ]
	} ,
	{
	   "value": "raspberry",
	   "synonyms": [
	   	"raspberry",
	   	"raspberry"
	   ]
	} ,
	{
	   "value": "peppermint",
	   "synonyms": [
	   	"peppermint",
	   	"peppermint"
	   ]
	} 
]
