[
	{
	   "value": "regular milk",
	   "synonyms": [
	   	"regular milk",
	   	"regular milk",
	   	"regular"
	   ]
	} ,
	{
	   "value": "low fat milk",
	   "synonyms": [
	   	"low fat milk",
	   	"low fat milk",
	   	"low fat milk , low fat, low-fat, skim, 2%"
	   ]
	} ,
	{
	   "value": "non fat milk",
	   "synonyms": [
	   	"non fat milk",
	   	"non fat milk",
	   	"non fat milk, non fat, non-fat, skinny"
	   ]
	} ,
	{
	   "value": "soy milk",
	   "synonyms": [
	   	"soy milk",
	   	"soy milk",
	   	"soy milk, soy"
	   ]
	} 
]
