[
	{
	   "value": "pepper",
	   "synonyms": [
	   	"pepper",
	   	"pepper"
	   ]
	} ,
	{
	   "value": "mushroom",
	   "synonyms": [
	   	"mushroom",
	   	"mushroom",
	   	"mushrooms"
	   ]
	} ,
	{
	   "value": "bacon",
	   "synonyms": [
	   	"bacon",
	   	"bacon, bacon pieces, bacon bits, bacon slices"
	   ]
	} ,
	{
	   "value": "vegetarian",
	   "synonyms": [
	   	"vegetarian",
	   	"vegetarian",
	   	"veggie"
	   ]
	} ,
	{
	   "value": "cheese",
	   "synonyms": [
	   	"cheese",
	   	"cheese"
	   ]
	} ,
	{
	   "value": "jalapeno",
	   "synonyms": [
	   	"jalapeno",
	   	"jalapeno",
	   	"hot peppers"
	   ]
	} ,
	{
	   "value": "sausage",
	   "synonyms": [
	   	"sausage",
	   	"sausage"
	   ]
	} ,
	{
	   "value": "onion",
	   "synonyms": [
	   	"onion",
	   	"onion"
	   ]
	} ,
	{
	   "value": "ham",
	   "synonyms": [
	   	"ham",
	   	"ham"
	   ]
	} ,
	{
	   "value": "pineapple",
	   "synonyms": [
	   	"pineapple",
	   	"pineapple"
	   ]
	} ,
	{
	   "value": "chicken",
	   "synonyms": [
	   	"chicken",
	   	"chicken"
	   ]
	} 
]
