[
{
  "id": "16fbc255-a3a9-43a3-b1c6-b2cd8f7e4837",
  "data": [
{
  "text": "Facilities",
  "userDefined": false
},
{
	"text": " ",
	"userDefined": false
}
],
"isTemplate": false,
"count": 0,
"updated": 0
},
{
  "id": "0c8b7ef2-5842-421b-b002-b9012e683c59",
  "data": [
{
  "text": "What are the facilities provided by the EC department",
  "userDefined": false
},
{
	"text": " ",
	"userDefined": false
}
],
"isTemplate": false,
"count": 0,
"updated": 0
},
{
  "id": "7f3963be-9fb6-4f34-b361-b889c4b1650a",
  "data": [
{
  "text": "How equipped is EC department",
  "userDefined": false
},
{
	"text": " ",
	"userDefined": false
}
],
"isTemplate": false,
"count": 0,
"updated": 0
},
{
  "id": "6916ab05-971c-46a6-b4c3-5f032ce33e92",
  "data": [
{
  "text": "How is EC department technically assisting the students?",
  "userDefined": false
},
{
	"text": " ",
	"userDefined": false
}
],
"isTemplate": false,
"count": 0,
"updated": 0
},
{
  "id": "e9dcee67-bab7-43b0-b10c-9a71d46cf062",
  "data": [
{
  "text": "Technical assistance to students by department",
  "userDefined": false
},
{
	"text": " ",
	"userDefined": false
}
],
"isTemplate": false,
"count": 0,
"updated": 0
},
{
  "id": "697cba91-2990-4345-8cf0-6ad28f6c43ba",
  "data": [
{
  "text": "infrastructre",
  "userDefined": false
},
{
	"text": " ",
	"userDefined": false
}
],
"isTemplate": false,
"count": 0,
"updated": 0
}
 ]
