[
{
  "id": "77c1386a-9c0d-4282-bc03-7cc2b16e9afa",
  "data": [
{
  "text": "Faculty and qualifications",
  "userDefined": false
},
{
	"text": " ",
	"userDefined": false
}
],
"isTemplate": false,
"count": 0,
"updated": 0
},
{
  "id": "d2d8f929-ff65-4e9b-95c8-37f66eeff214",
  "data": [
{
  "text": "Strength of faculty",
  "userDefined": false
},
{
	"text": " ",
	"userDefined": false
}
],
"isTemplate": false,
"count": 0,
"updated": 0
},
{
  "id": "72dd01fb-48bd-4f81-9b2c-8ff730a599b6",
  "data": [
{
  "text": "Give me an overview of EC department faculties",
  "userDefined": false
},
{
	"text": " ",
	"userDefined": false
}
],
"isTemplate": false,
"count": 0,
"updated": 0
},
{
  "id": "617c7dc7-2a9d-481d-8c1e-83f7cc0ed31f",
  "data": [
{
  "text": "How qualified are EC department faculties",
  "userDefined": false
},
{
	"text": " ",
	"userDefined": false
}
],
"isTemplate": false,
"count": 0,
"updated": 0
},
{
  "id": "e2b725a6-2113-480e-94a7-03a6b4e9616f",
  "data": [
{
  "text": "Tell me about EC department faculties",
  "userDefined": false
},
{
	"text": " ",
	"userDefined": false
}
],
"isTemplate": false,
"count": 0,
"updated": 0
},
{
  "id": "e035a470-8aec-4d67-abbe-efe138ba2a24",
  "data": [
{
  "text": "About faculty",
  "userDefined": false
},
{
	"text": " ",
	"userDefined": false
}
],
"isTemplate": false,
"count": 0,
"updated": 0
},
{
  "id": "3b057e9c-ceb3-4374-82b2-8f5510b3ebff",
  "data": [
{
  "text": "Faculty info",
  "userDefined": false
},
{
	"text": " ",
	"userDefined": false
}
],
"isTemplate": false,
"count": 0,
"updated": 0
}
 ]
