[
{
  "id": "509595ee-ea26-4c2d-883e-e46dca3fdb71",
  "data": [
{
  "text": "bye",
  "userDefined": false
},
{
	"text": " ",
	"userDefined": false
}
],
"isTemplate": false,
"count": 0,
"updated": 0
},
{
  "id": "36fcf263-8ed7-4e56-87be-a2cf47bbdac1",
  "data": [
{
  "text": "goodbye",
  "userDefined": false
},
{
	"text": " ",
	"userDefined": false
}
],
"isTemplate": false,
"count": 0,
"updated": 0
},
{
  "id": "bbdc0a8d-0bd6-4d1c-9425-85810f0d407c",
  "data": [
{
  "text": "thank you",
  "userDefined": false
},
{
	"text": " ",
	"userDefined": false
}
],
"isTemplate": false,
"count": 0,
"updated": 0
},
{
  "id": "e8681437-7cd3-4b99-b4f0-9c218aa052fd",
  "data": [
{
  "text": "nice to see you",
  "userDefined": false
},
{
	"text": " ",
	"userDefined": false
}
],
"isTemplate": false,
"count": 0,
"updated": 0
}
 ]
