[
{
  "id": "619a09e1-4aca-474a-bbd8-6c0e01814472",
  "data": [
{
  "text": "hey",
  "userDefined": false
},
{
	"text": " ",
	"userDefined": false
}
],
"isTemplate": false,
"count": 0,
"updated": 0
},
{
  "id": "91a0a84c-8652-4057-8908-722934e4d3ed",
  "data": [
{
  "text": "hello",
  "userDefined": false
},
{
	"text": " ",
	"userDefined": false
}
],
"isTemplate": false,
"count": 0,
"updated": 0
},
{
  "id": "ac19ca1f-fa9d-4efd-a3d3-bc39dc8dbadf",
  "data": [
{
  "text": "hi",
  "userDefined": false
},
{
	"text": " ",
	"userDefined": false
}
],
"isTemplate": false,
"count": 0,
"updated": 0
},
{
  "id": "272f1bd1-2ba0-4d8a-a379-bd5856c46e9b",
  "data": [
{
  "text": "good morning",
  "userDefined": false
},
{
	"text": " ",
	"userDefined": false
}
],
"isTemplate": false,
"count": 0,
"updated": 0
},
{
  "id": "67d0657d-b60a-42e7-8ec0-a405d02e76fb",
  "data": [
{
  "text": "good evening",
  "userDefined": false
},
{
	"text": " ",
	"userDefined": false
}
],
"isTemplate": false,
"count": 0,
"updated": 0
},
{
  "id": "eeea2e44-3546-4857-8004-2ae0200f5a93",
  "data": [
{
  "text": "hey there",
  "userDefined": false
},
{
	"text": " ",
	"userDefined": false
}
],
"isTemplate": false,
"count": 0,
"updated": 0
}
 ]
