[
{
  "id": "58462403-e8ef-4528-9be2-8eeee3b4f674",
  "data": [
{
  "text": "HoD",
  "userDefined": false
},
{
	"text": " ",
	"userDefined": false
}
],
"isTemplate": false,
"count": 0,
"updated": 0
},
{
  "id": "f26b0f69-1546-46e1-9edb-1dafd6973399",
  "data": [
{
  "text": "What are the qualifications of EC department HoD",
  "userDefined": false
},
{
	"text": " ",
	"userDefined": false
}
],
"isTemplate": false,
"count": 0,
"updated": 0
},
{
  "id": "5664addb-14c6-4cce-860a-e7f1651bb04c",
  "data": [
{
  "text": "What is the background of EC department HoD",
  "userDefined": false
},
{
	"text": " ",
	"userDefined": false
}
],
"isTemplate": false,
"count": 0,
"updated": 0
},
{
  "id": "5a53069a-0214-4fa0-ba71-5823eafc7ef9",
  "data": [
{
  "text": "Who is the present HoD",
  "userDefined": false
},
{
	"text": " ",
	"userDefined": false
}
],
"isTemplate": false,
"count": 0,
"updated": 0
},
{
  "id": "256beec6-7302-460e-8baa-5358c7769002",
  "data": [
{
  "text": "About HoD",
  "userDefined": false
},
{
	"text": " ",
	"userDefined": false
}
],
"isTemplate": false,
"count": 0,
"updated": 0
}
 ]
