[
{
  "id": "7415afb8-6fad-4d2f-bfa0-fdda54795148",
  "data": [
{
  "text": "insights of the EC department",
  "userDefined": false
},
{
	"text": " ",
	"userDefined": false
}
],
"isTemplate": false,
"count": 0,
"updated": 0
},
{
  "id": "1c969cac-d16e-4a6b-88db-1a819145a056",
  "data": [
{
  "text": "Vision of the department",
  "userDefined": false
},
{
	"text": " ",
	"userDefined": false
}
],
"isTemplate": false,
"count": 0,
"updated": 0
},
{
  "id": "122195c3-22c5-4cdd-9cbe-44e0182b565d",
  "data": [
{
  "text": "Vision",
  "userDefined": false
},
{
	"text": " ",
	"userDefined": false
}
],
"isTemplate": false,
"count": 0,
"updated": 0
},
{
  "id": "79106fe4-416a-41fa-8b51-a88a8d1d0ea8",
  "data": [
{
  "text": "insights",
  "userDefined": false
},
{
	"text": " ",
	"userDefined": false
}
],
"isTemplate": false,
"count": 0,
"updated": 0
}
 ]
