[
{
  "id": "aafc22c3-1992-454c-a835-1127e0c45c41",
  "data": [
{
  "text": "Mission of EC department",
  "userDefined": false
},
{
	"text": " ",
	"userDefined": false
}
],
"isTemplate": false,
"count": 0,
"updated": 0
},
{
  "id": "18390572-232f-4901-891e-51ae6e25cd0b",
  "data": [
{
  "text": "mission",
  "userDefined": false
},
{
	"text": " ",
	"userDefined": false
}
],
"isTemplate": false,
"count": 0,
"updated": 0
},
{
  "id": "7dd4b36f-c351-48ba-9e0d-ca67f18d16f6",
  "data": [
{
  "text": "Objectives",
  "userDefined": false
},
{
	"text": " ",
	"userDefined": false
}
],
"isTemplate": false,
"count": 0,
"updated": 0
},
{
  "id": "725e55b5-4a78-42b5-a485-e4eeb77c9088",
  "data": [
{
  "text": "objectives",
  "userDefined": false
},
{
	"text": " ",
	"userDefined": false
}
],
"isTemplate": false,
"count": 0,
"updated": 0
}
 ]
