[
{
  "id": "8e716f11-f67c-4d2f-8098-5e5ecf7e257f",
  "data": [
{
  "text": "Placement of the previous year",
  "userDefined": false
},
{
	"text": " ",
	"userDefined": false
}
],
"isTemplate": false,
"count": 0,
"updated": 0
},
{
  "id": "5be78211-e66c-439b-8cbf-9d22f9ef03b2",
  "data": [
{
  "text": "How is the placement in EC department?",
  "userDefined": false
},
{
	"text": " ",
	"userDefined": false
}
],
"isTemplate": false,
"count": 0,
"updated": 0
},
{
  "id": "1b873124-65b6-4d42-9b6b-a981176db329",
  "data": [
{
  "text": "How has been the placement in EC department?",
  "userDefined": false
},
{
	"text": " ",
	"userDefined": false
}
],
"isTemplate": false,
"count": 0,
"updated": 0
},
{
  "id": "685031a9-8909-445d-b6d9-483212bc7263",
  "data": [
{
  "text": "Give a record of the placements in EC department in the past few years",
  "userDefined": false
},
{
	"text": " ",
	"userDefined": false
}
],
"isTemplate": false,
"count": 0,
"updated": 0
},
{
  "id": "1499d004-02ff-4d8f-8c5f-830e9e0b6abb",
  "data": [
{
  "text": "What is the rate of placements in EC department?",
  "userDefined": false
},
{
	"text": " ",
	"userDefined": false
}
],
"isTemplate": false,
"count": 0,
"updated": 0
},
{
  "id": "50bff793-51c5-48d0-8177-2bdb36994466",
  "data": [
{
  "text": "About placements in ECE",
  "userDefined": false
},
{
	"text": " ",
	"userDefined": false
}
],
"isTemplate": false,
"count": 0,
"updated": 0
},
{
  "id": "30496161-b127-4a8e-864d-581042b55799",
  "data": [
{
  "text": "How good is placement in ECE",
  "userDefined": false
},
{
	"text": " ",
	"userDefined": false
}
],
"isTemplate": false,
"count": 0,
"updated": 0
}
 ]
