[
{
  "id": "a12435c0-73a0-4a85-bb3f-375b1fb66c6f",
  "data": [
{
  "text": "Department toppers",
  "userDefined": false
},
{
	"text": " ",
	"userDefined": false
}
],
"isTemplate": false,
"count": 0,
"updated": 0
},
{
  "id": "fcda858c-fd19-4266-b970-77b8305c0795",
  "data": [
{
  "text": "results",
  "userDefined": false
},
{
	"text": " ",
	"userDefined": false
}
],
"isTemplate": false,
"count": 0,
"updated": 0
},
{
  "id": "582f78fc-45b7-42f5-a6a5-b384996b604a",
  "data": [
{
  "text": "Toppers of ECE",
  "userDefined": false
},
{
	"text": " ",
	"userDefined": false
}
],
"isTemplate": false,
"count": 0,
"updated": 0
},
{
  "id": "b5d866eb-b748-4fb9-a2c9-04bd2a37a292",
  "data": [
{
  "text": "Result",
  "userDefined": false
},
{
	"text": " ",
	"userDefined": false
}
],
"isTemplate": false,
"count": 0,
"updated": 0
}
 ]
