[
{
  "id": "114d415c-cf86-40a8-a39f-457a966ca63c",
  "data": [
{
  "text": "Placements and Alumni",
  "userDefined": false
},
{
	"text": " ",
	"userDefined": false
}
],
"isTemplate": false,
"count": 0,
"updated": 0
},
{
  "id": "65d65985-b4e7-4714-b093-39f5fe3b4834",
  "data": [
{
  "text": "about pass out students",
  "userDefined": false
},
{
	"text": " ",
	"userDefined": false
}
],
"isTemplate": false,
"count": 0,
"updated": 0
},
{
  "id": "fb69449f-7beb-452c-8fbc-4cacecd8fa6b",
  "data": [
{
  "text": "Where are the graduates of EC department?",
  "userDefined": false
},
{
	"text": " ",
	"userDefined": false
}
],
"isTemplate": false,
"count": 0,
"updated": 0
},
{
  "id": "0141adec-b6b0-46f8-9971-04bc0d11a662",
  "data": [
{
  "text": "What are the heights of EC department graduates?",
  "userDefined": false
},
{
	"text": " ",
	"userDefined": false
}
],
"isTemplate": false,
"count": 0,
"updated": 0
},
{
  "id": "d4bb1087-cc24-4f0c-be1f-22f584547853",
  "data": [
{
  "text": "Describe about the graduates of EC department",
  "userDefined": false
},
{
	"text": " ",
	"userDefined": false
}
],
"isTemplate": false,
"count": 0,
"updated": 0
},
{
  "id": "951feb82-1aab-4299-9f3b-55973a72e5da",
  "data": [
{
  "text": "graduates of EC department",
  "userDefined": false
},
{
	"text": " ",
	"userDefined": false
}
],
"isTemplate": false,
"count": 0,
"updated": 0
}
 ]
