[
{
  "id": "aafae5b5-8f44-4a6c-987d-17ea03bbc07f",
  "data": [
{
  "text": "are you a bot?",
  "userDefined": false
},
{
	"text": " ",
	"userDefined": false
}
],
"isTemplate": false,
"count": 0,
"updated": 0
},
{
  "id": "3f9d7755-4cd7-4846-923b-72608b9683ba",
  "data": [
{
  "text": "are you a human?",
  "userDefined": false
},
{
	"text": " ",
	"userDefined": false
}
],
"isTemplate": false,
"count": 0,
"updated": 0
},
{
  "id": "df59dfae-767b-43fe-bf08-cb53d07c42d6",
  "data": [
{
  "text": "am I talking to a bot?",
  "userDefined": false
},
{
	"text": " ",
	"userDefined": false
}
],
"isTemplate": false,
"count": 0,
"updated": 0
},
{
  "id": "1237f57d-26c9-4ecc-b058-56570707d766",
  "data": [
{
  "text": "am I talking to a human?",
  "userDefined": false
},
{
	"text": " ",
	"userDefined": false
}
],
"isTemplate": false,
"count": 0,
"updated": 0
}
 ]
