[
{
  "id": "620a0c5b-220f-4601-80a0-7da7b53864d4",
  "data": [
{
  "text": "bye",
  "userDefined": false
},
{
	"text": " ",
	"userDefined": false
}
],
"isTemplate": false,
"count": 0,
"updated": 0
},
{
  "id": "ddaff58b-fb7b-4daa-92bf-a30467341771",
  "data": [
{
  "text": "goodbye",
  "userDefined": false
},
{
	"text": " ",
	"userDefined": false
}
],
"isTemplate": false,
"count": 0,
"updated": 0
},
{
  "id": "a30438f5-32bc-4385-8a6f-e66f070913e8",
  "data": [
{
  "text": "see you around",
  "userDefined": false
},
{
	"text": " ",
	"userDefined": false
}
],
"isTemplate": false,
"count": 0,
"updated": 0
},
{
  "id": "987efd35-4dc6-4f74-ab3b-f343edf6bc3f",
  "data": [
{
  "text": "see you later",
  "userDefined": false
},
{
	"text": " ",
	"userDefined": false
}
],
"isTemplate": false,
"count": 0,
"updated": 0
}
 ]
