[
{
  "id": "ad9b6684-cbd1-441d-8456-0f22634559af",
  "data": [
{
  "text": "sad",
  "userDefined": false
},
{
	"text": " ",
	"userDefined": false
}
],
"isTemplate": false,
"count": 0,
"updated": 0
},
{
  "id": "67f7eeb0-a472-48e1-b46a-f0ab831b1cb1",
  "data": [
{
  "text": "very sad",
  "userDefined": false
},
{
	"text": " ",
	"userDefined": false
}
],
"isTemplate": false,
"count": 0,
"updated": 0
},
{
  "id": "e3dc84f9-b1b3-4e47-9732-3a70826859e2",
  "data": [
{
  "text": "unhappy",
  "userDefined": false
},
{
	"text": " ",
	"userDefined": false
}
],
"isTemplate": false,
"count": 0,
"updated": 0
},
{
  "id": "cd015e57-02c7-4630-a036-d752b34db918",
  "data": [
{
  "text": "bad",
  "userDefined": false
},
{
	"text": " ",
	"userDefined": false
}
],
"isTemplate": false,
"count": 0,
"updated": 0
},
{
  "id": "20aad5eb-f36a-4823-8f25-d0a57c9c2dc3",
  "data": [
{
  "text": "very bad",
  "userDefined": false
},
{
	"text": " ",
	"userDefined": false
}
],
"isTemplate": false,
"count": 0,
"updated": 0
},
{
  "id": "13efc585-1263-4aae-b6a2-d1eb56e52ae7",
  "data": [
{
  "text": "awful",
  "userDefined": false
},
{
	"text": " ",
	"userDefined": false
}
],
"isTemplate": false,
"count": 0,
"updated": 0
},
{
  "id": "ad629406-fa5a-44e7-80cc-7decca23ac17",
  "data": [
{
  "text": "terrible",
  "userDefined": false
},
{
	"text": " ",
	"userDefined": false
}
],
"isTemplate": false,
"count": 0,
"updated": 0
},
{
  "id": "bf7c086e-69de-4794-b41e-7d15dad83e7b",
  "data": [
{
  "text": "not very good",
  "userDefined": false
},
{
	"text": " ",
	"userDefined": false
}
],
"isTemplate": false,
"count": 0,
"updated": 0
},
{
  "id": "4c006565-60a3-44ec-bb74-bd0e1f9a9afb",
  "data": [
{
  "text": "extremely sad",
  "userDefined": false
},
{
	"text": " ",
	"userDefined": false
}
],
"isTemplate": false,
"count": 0,
"updated": 0
},
{
  "id": "d9a01f40-8af9-447f-8352-ee1b00ec04b0",
  "data": [
{
  "text": "so sad",
  "userDefined": false
},
{
	"text": " ",
	"userDefined": false
}
],
"isTemplate": false,
"count": 0,
"updated": 0
}
 ]
