[
{
  "id": "be77e63d-e5e5-4699-bf9c-d90578cda108",
  "data": [
{
  "text": "my monthly expenses",
  "userDefined": false
},
{
	"text": " ",
	"userDefined": false
}
],
"isTemplate": false,
"count": 0,
"updated": 0
},
{
  "id": "1527a7c2-1eb2-4e74-96e3-a589b43466a1",
  "data": [
{
  "text": "monthly expenses",
  "userDefined": false
},
{
	"text": " ",
	"userDefined": false
}
],
"isTemplate": false,
"count": 0,
"updated": 0
},
{
  "id": "3e3642fe-e6bc-487b-9cb8-67a281b9ec5a",
  "data": [
{
  "text": "please tell me my monthly expenses",
  "userDefined": false
},
{
	"text": " ",
	"userDefined": false
}
],
"isTemplate": false,
"count": 0,
"updated": 0
},
{
  "id": "65611c44-2acb-436d-93de-e2847649b433",
  "data": [
{
  "text": "please inform me my monthly expenses",
  "userDefined": false
},
{
	"text": " ",
	"userDefined": false
}
],
"isTemplate": false,
"count": 0,
"updated": 0
},
{
  "id": "de7ebf9d-2ba2-4aa1-a198-c354aabe21c0",
  "data": [
{
  "text": "my monthly expeneses",
  "userDefined": false
},
{
	"text": " ",
	"userDefined": false
}
],
"isTemplate": false,
"count": 0,
"updated": 0
}
 ]
