[
{
  "id": "cf6063ef-fdd9-46f1-9bee-9ca3f66c2bb5",
  "data": [
{
  "text": "perfect",
  "userDefined": false
},
{
	"text": " ",
	"userDefined": false
}
],
"isTemplate": false,
"count": 0,
"updated": 0
},
{
  "id": "6f5dbdd9-7532-435b-a366-eda747662eb7",
  "data": [
{
  "text": "very good",
  "userDefined": false
},
{
	"text": " ",
	"userDefined": false
}
],
"isTemplate": false,
"count": 0,
"updated": 0
},
{
  "id": "f4a4104b-e062-44de-a80b-3059fe29e7ec",
  "data": [
{
  "text": "great",
  "userDefined": false
},
{
	"text": " ",
	"userDefined": false
}
],
"isTemplate": false,
"count": 0,
"updated": 0
},
{
  "id": "7e7e1638-1146-4819-93c6-ee889a429210",
  "data": [
{
  "text": "amazing",
  "userDefined": false
},
{
	"text": " ",
	"userDefined": false
}
],
"isTemplate": false,
"count": 0,
"updated": 0
},
{
  "id": "611a9350-39ce-41c0-ad62-a084e4d0ef6b",
  "data": [
{
  "text": "wonderful",
  "userDefined": false
},
{
	"text": " ",
	"userDefined": false
}
],
"isTemplate": false,
"count": 0,
"updated": 0
},
{
  "id": "22395ada-1331-4f86-841e-31cb0ae26e6e",
  "data": [
{
  "text": "I am feeling very good",
  "userDefined": false
},
{
	"text": " ",
	"userDefined": false
}
],
"isTemplate": false,
"count": 0,
"updated": 0
},
{
  "id": "ef57f4b2-e031-460f-9704-73642ca71f76",
  "data": [
{
  "text": "I am great",
  "userDefined": false
},
{
	"text": " ",
	"userDefined": false
}
],
"isTemplate": false,
"count": 0,
"updated": 0
},
{
  "id": "f0ca63df-81ab-416a-8ef0-9aa30dcf268d",
  "data": [
{
  "text": "I'm good",
  "userDefined": false
},
{
	"text": " ",
	"userDefined": false
}
],
"isTemplate": false,
"count": 0,
"updated": 0
}
 ]
