[
{
  "id": "aee9dbcb-c970-4119-9d0b-17edcae8347d",
  "data": [
{
  "text": "what is the dress code in Vardhaman",
  "userDefined": false
},
{
	"text": " ",
	"userDefined": false
}
],
"isTemplate": false,
"count": 0,
"updated": 0
},
{
  "id": "10040b78-c078-4c6c-ae69-4931c05f4e5a",
  "data": [
{
  "text": "what is the dress code",
  "userDefined": false
},
{
	"text": " ",
	"userDefined": false
}
],
"isTemplate": false,
"count": 0,
"updated": 0
},
{
  "id": "3797d7f1-2923-4d0d-bae6-93bc93a70128",
  "data": [
{
  "text": "dress code",
  "userDefined": false
},
{
	"text": " ",
	"userDefined": false
}
],
"isTemplate": false,
"count": 0,
"updated": 0
}
 ]
