[
{
  "id": "5acedf13-4453-415e-ae28-b4af21009c2d",
  "data": [
{
  "text": "where is water",
  "userDefined": false
},
{
	"text": " ",
	"userDefined": false
}
],
"isTemplate": false,
"count": 0,
"updated": 0
},
{
  "id": "cd5df9f4-8326-4508-ad58-36e8d25cfdc5",
  "data": [
{
  "text": "where is air",
  "userDefined": false
},
{
	"text": " ",
	"userDefined": false
}
],
"isTemplate": false,
"count": 0,
"updated": 0
},
{
  "id": "c3568cf3-712e-4492-aa1d-241b69a2ae85",
  "data": [
{
  "text": "water",
  "userDefined": false
},
{
	"text": " ",
	"userDefined": false
}
],
"isTemplate": false,
"count": 0,
"updated": 0
},
{
  "id": "6350ce86-9326-48f4-ae28-901369e05c02",
  "data": [
{
  "text": "anything",
  "userDefined": false
},
{
	"text": " ",
	"userDefined": false
}
],
"isTemplate": false,
"count": 0,
"updated": 0
}
 ]
