[
{
  "id": "d3aab667-652c-4a30-a0db-edacbdc1b31c",
  "data": [
{
  "text": "yes",
  "userDefined": false
},
{
	"text": " ",
	"userDefined": false
}
],
"isTemplate": false,
"count": 0,
"updated": 0
},
{
  "id": "e9278a1b-af0a-47c6-8ab4-44dceb08f7cd",
  "data": [
{
  "text": "indeed",
  "userDefined": false
},
{
	"text": " ",
	"userDefined": false
}
],
"isTemplate": false,
"count": 0,
"updated": 0
},
{
  "id": "2e7ad644-d628-4345-a16a-20d68e15225c",
  "data": [
{
  "text": "of course",
  "userDefined": false
},
{
	"text": " ",
	"userDefined": false
}
],
"isTemplate": false,
"count": 0,
"updated": 0
},
{
  "id": "a24d45d0-e192-48a4-8ebb-068030253e4e",
  "data": [
{
  "text": "that sounds good",
  "userDefined": false
},
{
	"text": " ",
	"userDefined": false
}
],
"isTemplate": false,
"count": 0,
"updated": 0
},
{
  "id": "2fdbf4c7-b695-4f28-81b9-537a578647cb",
  "data": [
{
  "text": "correct",
  "userDefined": false
},
{
	"text": " ",
	"userDefined": false
}
],
"isTemplate": false,
"count": 0,
"updated": 0
}
 ]
