[
{
  "id": "c7aedcb5-c317-4cc1-ae3b-0bd3a988d649",
  "data": [
{
  "text": "yes",
  "userDefined": false
},
{
	"text": " ",
	"userDefined": false
}
],
"isTemplate": false,
"count": 0,
"updated": 0
},
{
  "id": "1242d08c-3d36-47a9-ae3d-d7b7de0b833d",
  "data": [
{
  "text": "indeed",
  "userDefined": false
},
{
	"text": " ",
	"userDefined": false
}
],
"isTemplate": false,
"count": 0,
"updated": 0
},
{
  "id": "ea738e01-8912-492a-8aa1-f50cb0450446",
  "data": [
{
  "text": "of course",
  "userDefined": false
},
{
	"text": " ",
	"userDefined": false
}
],
"isTemplate": false,
"count": 0,
"updated": 0
},
{
  "id": "8f1431e8-9244-4a22-bf06-2d272d74da86",
  "data": [
{
  "text": "that sounds good",
  "userDefined": false
},
{
	"text": " ",
	"userDefined": false
}
],
"isTemplate": false,
"count": 0,
"updated": 0
},
{
  "id": "6a7fce32-6239-42a6-bcac-29f6a5844c88",
  "data": [
{
  "text": "correct",
  "userDefined": false
},
{
	"text": " ",
	"userDefined": false
}
],
"isTemplate": false,
"count": 0,
"updated": 0
}
 ]
