[
{
  "id": "ff07d963-ac8e-4ebc-90be-e4ae5a9df57d",
  "data": [
{
  "text": "yes",
  "userDefined": false
},
{
	"text": " ",
	"userDefined": false
}
],
"isTemplate": false,
"count": 0,
"updated": 0
},
{
  "id": "2435f41e-a399-4f1c-a1e9-978cd7863562",
  "data": [
{
  "text": "indeed",
  "userDefined": false
},
{
	"text": " ",
	"userDefined": false
}
],
"isTemplate": false,
"count": 0,
"updated": 0
},
{
  "id": "861ee53d-9b2f-4bf4-8073-4f3b5c112c8e",
  "data": [
{
  "text": "of course",
  "userDefined": false
},
{
	"text": " ",
	"userDefined": false
}
],
"isTemplate": false,
"count": 0,
"updated": 0
},
{
  "id": "b440c113-8d25-44f4-a740-c18c8a87c062",
  "data": [
{
  "text": "that sounds good",
  "userDefined": false
},
{
	"text": " ",
	"userDefined": false
}
],
"isTemplate": false,
"count": 0,
"updated": 0
},
{
  "id": "76210474-6f6a-4a73-a68f-bac4fa4593e1",
  "data": [
{
  "text": "correct",
  "userDefined": false
},
{
	"text": " ",
	"userDefined": false
}
],
"isTemplate": false,
"count": 0,
"updated": 0
}
 ]
