[
{
  "id": "5c47ad2a-b388-427f-87b5-8a7890d433f1",
  "data": [
{
  "text": "what is the fee structure",
  "userDefined": false
},
{
	"text": " ",
	"userDefined": false
}
],
"isTemplate": false,
"count": 0,
"updated": 0
},
{
  "id": "d13b23c5-7b4a-4c55-8540-1881c5d7544d",
  "data": [
{
  "text": "what is the fee structure of College",
  "userDefined": false
},
{
	"text": " ",
	"userDefined": false
}
],
"isTemplate": false,
"count": 0,
"updated": 0
},
{
  "id": "0ea5bb1d-23a6-4ce6-900b-1e68954c6add",
  "data": [
{
  "text": "what is the fee structure of Vardhaman college of Engineering",
  "userDefined": false
},
{
	"text": " ",
	"userDefined": false
}
],
"isTemplate": false,
"count": 0,
"updated": 0
},
{
  "id": "047d1bc3-8bd5-48ce-b6d8-67a31addb5ea",
  "data": [
{
  "text": "fee structure",
  "userDefined": false
},
{
	"text": " ",
	"userDefined": false
}
],
"isTemplate": false,
"count": 0,
"updated": 0
}
 ]
