[
{
  "id": "5f0c000b-1bd5-43fe-97ca-80a51d016317",
  "data": [
{
  "text": "are you a bot?",
  "userDefined": false
},
{
	"text": " ",
	"userDefined": false
}
],
"isTemplate": false,
"count": 0,
"updated": 0
},
{
  "id": "c9ad176e-8afc-4ff7-92d0-4c4932e4daf6",
  "data": [
{
  "text": "are you a human?",
  "userDefined": false
},
{
	"text": " ",
	"userDefined": false
}
],
"isTemplate": false,
"count": 0,
"updated": 0
},
{
  "id": "35b96261-27e0-4b7e-9a6c-af4c0f8bab2e",
  "data": [
{
  "text": "am I talking to a bot?",
  "userDefined": false
},
{
	"text": " ",
	"userDefined": false
}
],
"isTemplate": false,
"count": 0,
"updated": 0
},
{
  "id": "68f521cc-a329-4ff8-b714-827cbf5d70b1",
  "data": [
{
  "text": "am I talking to a human?",
  "userDefined": false
},
{
	"text": " ",
	"userDefined": false
}
],
"isTemplate": false,
"count": 0,
"updated": 0
},
{
  "id": "0584ed0d-5d2e-44cd-9428-a13523ae3c04",
  "data": [
{
  "text": "what are you",
  "userDefined": false
},
{
	"text": " ",
	"userDefined": false
}
],
"isTemplate": false,
"count": 0,
"updated": 0
},
{
  "id": "508019d3-3bb5-40eb-8401-9ccd867bab43",
  "data": [
{
  "text": "what is you",
  "userDefined": false
},
{
	"text": " ",
	"userDefined": false
}
],
"isTemplate": false,
"count": 0,
"updated": 0
},
{
  "id": "1a2e8fed-c895-42d0-acb3-2feb4557d6d0",
  "data": [
{
  "text": "who are you",
  "userDefined": false
},
{
	"text": " ",
	"userDefined": false
}
],
"isTemplate": false,
"count": 0,
"updated": 0
},
{
  "id": "b101a152-8402-441d-82da-49d983d1f416",
  "data": [
{
  "text": "what is your name",
  "userDefined": false
},
{
	"text": " ",
	"userDefined": false
}
],
"isTemplate": false,
"count": 0,
"updated": 0
},
{
  "id": "5935be5d-7cee-46b2-91eb-a012fea90c23",
  "data": [
{
  "text": "who made you",
  "userDefined": false
},
{
	"text": " ",
	"userDefined": false
}
],
"isTemplate": false,
"count": 0,
"updated": 0
}
 ]
