[
{
  "id": "e52fab8f-14ee-4bf5-abcf-ec824d712fa8",
  "data": [
{
  "text": "directions to main auditorium",
  "userDefined": false
},
{
	"text": " ",
	"userDefined": false
}
],
"isTemplate": false,
"count": 0,
"updated": 0
},
{
  "id": "935770e9-fbef-4820-89df-cc77eb1e25a7",
  "data": [
{
  "text": "directions to main audi",
  "userDefined": false
},
{
	"text": " ",
	"userDefined": false
}
],
"isTemplate": false,
"count": 0,
"updated": 0
},
{
  "id": "56c4c44b-8b56-4f1c-8034-937b888752a1",
  "data": [
{
  "text": "how to go to main auditorium",
  "userDefined": false
},
{
	"text": " ",
	"userDefined": false
}
],
"isTemplate": false,
"count": 0,
"updated": 0
},
{
  "id": "2c799962-d986-4855-9b25-d59ce1423a5d",
  "data": [
{
  "text": "main auditorium",
  "userDefined": false
},
{
	"text": " ",
	"userDefined": false
}
],
"isTemplate": false,
"count": 0,
"updated": 0
}
 ]
