[
{
  "id": "d6ae6648-075e-4fce-bdb6-7151c44edadd",
  "data": [
{
  "text": "I am new to college",
  "userDefined": false
},
{
	"text": " ",
	"userDefined": false
}
],
"isTemplate": false,
"count": 0,
"updated": 0
},
{
  "id": "04ec529b-6ab3-4d68-933d-681968711627",
  "data": [
{
  "text": "new to college need help",
  "userDefined": false
},
{
	"text": " ",
	"userDefined": false
}
],
"isTemplate": false,
"count": 0,
"updated": 0
},
{
  "id": "9338e474-e58e-4942-8a76-761256d34f47",
  "data": [
{
  "text": "need help",
  "userDefined": false
},
{
	"text": " ",
	"userDefined": false
}
],
"isTemplate": false,
"count": 0,
"updated": 0
},
{
  "id": "b1017783-92d4-4a8a-9777-e634d3e91115",
  "data": [
{
  "text": "I am new to college need help",
  "userDefined": false
},
{
	"text": " ",
	"userDefined": false
}
],
"isTemplate": false,
"count": 0,
"updated": 0
},
{
  "id": "8812412a-c8e4-4520-aed2-abecd74b999b",
  "data": [
{
  "text": "I am new to college want to learn more",
  "userDefined": false
},
{
	"text": " ",
	"userDefined": false
}
],
"isTemplate": false,
"count": 0,
"updated": 0
},
{
  "id": "2f12b957-dc5f-4d59-8dab-af03d3de56f0",
  "data": [
{
  "text": "more info",
  "userDefined": false
},
{
	"text": " ",
	"userDefined": false
}
],
"isTemplate": false,
"count": 0,
"updated": 0
},
{
  "id": "f6cf6c55-e42e-4e9e-bc82-2532471138a0",
  "data": [
{
  "text": "About",
  "userDefined": false
},
{
	"text": " ",
	"userDefined": false
}
],
"isTemplate": false,
"count": 0,
"updated": 0
},
{
  "id": "bae6b5fc-c3da-4017-adb2-fe12f59d3b79",
  "data": [
{
  "text": "about the college",
  "userDefined": false
},
{
	"text": " ",
	"userDefined": false
}
],
"isTemplate": false,
"count": 0,
"updated": 0
}
 ]
