[
{
  "id": "77dd1b22-947a-4b7d-8fe0-5328bcc59475",
  "data": [
{
  "text": "no",
  "userDefined": false
},
{
	"text": " ",
	"userDefined": false
}
],
"isTemplate": false,
"count": 0,
"updated": 0
},
{
  "id": "4acf793a-e5fa-4372-a0a8-3474f0eb80e3",
  "data": [
{
  "text": "never",
  "userDefined": false
},
{
	"text": " ",
	"userDefined": false
}
],
"isTemplate": false,
"count": 0,
"updated": 0
},
{
  "id": "8cb9bee0-ef52-40d3-8a98-c30ea0db464a",
  "data": [
{
  "text": "I don't think so",
  "userDefined": false
},
{
	"text": " ",
	"userDefined": false
}
],
"isTemplate": false,
"count": 0,
"updated": 0
},
{
  "id": "a13174c0-9e89-4cad-8d7c-35160e29779c",
  "data": [
{
  "text": "don't like that",
  "userDefined": false
},
{
	"text": " ",
	"userDefined": false
}
],
"isTemplate": false,
"count": 0,
"updated": 0
},
{
  "id": "1166d37e-ed75-4eb1-bb43-98833cdb5bb8",
  "data": [
{
  "text": "no way",
  "userDefined": false
},
{
	"text": " ",
	"userDefined": false
}
],
"isTemplate": false,
"count": 0,
"updated": 0
},
{
  "id": "57e5bb8b-57a3-42f0-9e97-ea9c278f7b72",
  "data": [
{
  "text": "not really",
  "userDefined": false
},
{
	"text": " ",
	"userDefined": false
}
],
"isTemplate": false,
"count": 0,
"updated": 0
}
 ]
