[
{
  "id": "ed8f1063-7968-4337-b125-0e6ee7808f8b",
  "data": [
{
  "text": "transport facility",
  "userDefined": false
},
{
	"text": " ",
	"userDefined": false
}
],
"isTemplate": false,
"count": 0,
"updated": 0
},
{
  "id": "617ffc5d-06d1-419c-84c3-7889642f2d59",
  "data": [
{
  "text": "transport",
  "userDefined": false
},
{
	"text": " ",
	"userDefined": false
}
],
"isTemplate": false,
"count": 0,
"updated": 0
},
{
  "id": "d2dfb095-7abe-4873-ac5d-f5563bcb34da",
  "data": [
{
  "text": "what is the transport available to reach the College",
  "userDefined": false
},
{
	"text": " ",
	"userDefined": false
}
],
"isTemplate": false,
"count": 0,
"updated": 0
},
{
  "id": "f4447c0b-7dcc-408f-84b4-704780b70bd0",
  "data": [
{
  "text": "what is the transport available to reach vardhaman college of enigineering",
  "userDefined": false
},
{
	"text": " ",
	"userDefined": false
}
],
"isTemplate": false,
"count": 0,
"updated": 0
},
{
  "id": "bcc4bd52-00ba-4a3e-8e68-f0c29f5f1f3a",
  "data": [
{
  "text": "is there any availablity of transport",
  "userDefined": false
},
{
	"text": " ",
	"userDefined": false
}
],
"isTemplate": false,
"count": 0,
"updated": 0
}
 ]
