[
{
  "id": "23812e9b-073c-427d-bee6-37e1e16273ba",
  "data": [
{
  "text": "perfect",
  "userDefined": false
},
{
	"text": " ",
	"userDefined": false
}
],
"isTemplate": false,
"count": 0,
"updated": 0
},
{
  "id": "89b4c7bb-8639-4ace-aeff-42e75d8093e7",
  "data": [
{
  "text": "very good",
  "userDefined": false
},
{
	"text": " ",
	"userDefined": false
}
],
"isTemplate": false,
"count": 0,
"updated": 0
},
{
  "id": "7542bed4-6c99-46f2-89f4-ebee0023e7df",
  "data": [
{
  "text": "great",
  "userDefined": false
},
{
	"text": " ",
	"userDefined": false
}
],
"isTemplate": false,
"count": 0,
"updated": 0
},
{
  "id": "17e14eaa-41c5-4659-84ee-97191ecd489d",
  "data": [
{
  "text": "amazing",
  "userDefined": false
},
{
	"text": " ",
	"userDefined": false
}
],
"isTemplate": false,
"count": 0,
"updated": 0
},
{
  "id": "81bb7753-00a4-4527-9067-3964dd631b95",
  "data": [
{
  "text": "wonderful",
  "userDefined": false
},
{
	"text": " ",
	"userDefined": false
}
],
"isTemplate": false,
"count": 0,
"updated": 0
},
{
  "id": "4b8d6396-3473-440a-a2d3-449487279915",
  "data": [
{
  "text": "I am feeling very good",
  "userDefined": false
},
{
	"text": " ",
	"userDefined": false
}
],
"isTemplate": false,
"count": 0,
"updated": 0
},
{
  "id": "11a6a951-3421-4f3e-9451-db7abdd12ca3",
  "data": [
{
  "text": "I am great",
  "userDefined": false
},
{
	"text": " ",
	"userDefined": false
}
],
"isTemplate": false,
"count": 0,
"updated": 0
},
{
  "id": "216a831a-b393-48cc-8092-da59a221a5ac",
  "data": [
{
  "text": "I'm good",
  "userDefined": false
},
{
	"text": " ",
	"userDefined": false
}
],
"isTemplate": false,
"count": 0,
"updated": 0
}
 ]
