[
{
  "id": "bb8c864f-bc4a-4d97-bd03-2889bc57084a",
  "data": [
{
  "text": "no",
  "userDefined": false
},
{
	"text": " ",
	"userDefined": false
}
],
"isTemplate": false,
"count": 0,
"updated": 0
},
{
  "id": "0f0f7f37-6fb7-46dd-9de0-71eeeca0213c",
  "data": [
{
  "text": "never",
  "userDefined": false
},
{
	"text": " ",
	"userDefined": false
}
],
"isTemplate": false,
"count": 0,
"updated": 0
},
{
  "id": "2c3a8d9e-73e2-4c9c-a94a-6a395c44977a",
  "data": [
{
  "text": "I don't think so",
  "userDefined": false
},
{
	"text": " ",
	"userDefined": false
}
],
"isTemplate": false,
"count": 0,
"updated": 0
},
{
  "id": "1d1f2423-ac43-4d51-919b-76339c10e031",
  "data": [
{
  "text": "don't like that",
  "userDefined": false
},
{
	"text": " ",
	"userDefined": false
}
],
"isTemplate": false,
"count": 0,
"updated": 0
},
{
  "id": "d18a1b8b-4496-44cc-a0eb-c530ee38dd72",
  "data": [
{
  "text": "no way",
  "userDefined": false
},
{
	"text": " ",
	"userDefined": false
}
],
"isTemplate": false,
"count": 0,
"updated": 0
},
{
  "id": "762bc01b-44e7-4c29-abde-5c089f4d99e7",
  "data": [
{
  "text": "not really",
  "userDefined": false
},
{
	"text": " ",
	"userDefined": false
}
],
"isTemplate": false,
"count": 0,
"updated": 0
}
 ]
