[
{
  "id": "95c041b0-2b60-402e-b03d-f1ed704f1a85",
  "data": [
{
  "text": "no",
  "userDefined": false
},
{
	"text": " ",
	"userDefined": false
}
],
"isTemplate": false,
"count": 0,
"updated": 0
},
{
  "id": "aa6e78cf-ae60-4487-8be3-c9e526c4c6dc",
  "data": [
{
  "text": "never",
  "userDefined": false
},
{
	"text": " ",
	"userDefined": false
}
],
"isTemplate": false,
"count": 0,
"updated": 0
},
{
  "id": "23e1a5cf-d074-4d49-8078-37b747182a66",
  "data": [
{
  "text": "I don't think so",
  "userDefined": false
},
{
	"text": " ",
	"userDefined": false
}
],
"isTemplate": false,
"count": 0,
"updated": 0
},
{
  "id": "82e32161-3f21-4a05-8b1e-171c279d272c",
  "data": [
{
  "text": "don't like that",
  "userDefined": false
},
{
	"text": " ",
	"userDefined": false
}
],
"isTemplate": false,
"count": 0,
"updated": 0
},
{
  "id": "62f10725-da67-4f96-94a9-ce7452bd8b25",
  "data": [
{
  "text": "no way",
  "userDefined": false
},
{
	"text": " ",
	"userDefined": false
}
],
"isTemplate": false,
"count": 0,
"updated": 0
},
{
  "id": "a621c520-5dd0-49c3-b7e7-c898c76569aa",
  "data": [
{
  "text": "not really",
  "userDefined": false
},
{
	"text": " ",
	"userDefined": false
}
],
"isTemplate": false,
"count": 0,
"updated": 0
}
 ]
