[
{
  "id": "65eccf3c-8cf6-4aa4-aca9-37cc71842936",
  "data": [
{
  "text": "no",
  "userDefined": false
},
{
	"text": " ",
	"userDefined": false
}
],
"isTemplate": false,
"count": 0,
"updated": 0
},
{
  "id": "65b006a1-5696-4517-93e0-36271f7102bc",
  "data": [
{
  "text": "never",
  "userDefined": false
},
{
	"text": " ",
	"userDefined": false
}
],
"isTemplate": false,
"count": 0,
"updated": 0
},
{
  "id": "c8e0c5af-97a9-4354-9472-9243769f607c",
  "data": [
{
  "text": "I don't think so",
  "userDefined": false
},
{
	"text": " ",
	"userDefined": false
}
],
"isTemplate": false,
"count": 0,
"updated": 0
},
{
  "id": "ba91f59b-3cc0-4dcf-801a-dd2b771e0bce",
  "data": [
{
  "text": "don't like that",
  "userDefined": false
},
{
	"text": " ",
	"userDefined": false
}
],
"isTemplate": false,
"count": 0,
"updated": 0
},
{
  "id": "624659b5-c604-4cfa-9597-1e0798e1225a",
  "data": [
{
  "text": "no way",
  "userDefined": false
},
{
	"text": " ",
	"userDefined": false
}
],
"isTemplate": false,
"count": 0,
"updated": 0
},
{
  "id": "4cb7b0f8-50dc-4f40-ba2c-b0b99cff1042",
  "data": [
{
  "text": "not really",
  "userDefined": false
},
{
	"text": " ",
	"userDefined": false
}
],
"isTemplate": false,
"count": 0,
"updated": 0
}
 ]
