[
{
  "id": "06e43360-c028-4fa8-a7cc-49fa5a84daef",
  "data": [
{
  "text": "are phones allowed in the college",
  "userDefined": false
},
{
	"text": " ",
	"userDefined": false
}
],
"isTemplate": false,
"count": 0,
"updated": 0
},
{
  "id": "67750262-efda-4401-8b16-b82ccc2123c3",
  "data": [
{
  "text": "phones allowed",
  "userDefined": false
},
{
	"text": " ",
	"userDefined": false
}
],
"isTemplate": false,
"count": 0,
"updated": 0
},
{
  "id": "4647b9fe-107f-42f3-a2dd-8740666ee1f6",
  "data": [
{
  "text": "are phones allowed in the vardhaman college",
  "userDefined": false
},
{
	"text": " ",
	"userDefined": false
}
],
"isTemplate": false,
"count": 0,
"updated": 0
},
{
  "id": "a6842765-70f4-414c-bcc8-dbb8e2911e5a",
  "data": [
{
  "text": "phones allowed in the vardhaman college",
  "userDefined": false
},
{
	"text": " ",
	"userDefined": false
}
],
"isTemplate": false,
"count": 0,
"updated": 0
}
 ]
