[
{
  "id": "4809183f-8cda-4ac6-8de5-e39e21e3bb5a",
  "data": [
{
  "text": "what are the opening and closing ranks of College",
  "userDefined": false
},
{
	"text": " ",
	"userDefined": false
}
],
"isTemplate": false,
"count": 0,
"updated": 0
},
{
  "id": "9fe069bb-0383-479e-bcd7-5aef7ae831f8",
  "data": [
{
  "text": "opening and closing ranks of Vardhaman college of Engineering",
  "userDefined": false
},
{
	"text": " ",
	"userDefined": false
}
],
"isTemplate": false,
"count": 0,
"updated": 0
},
{
  "id": "18e2b72d-b8e5-4758-a1c8-8bf3e6ca8ff2",
  "data": [
{
  "text": "opening and closing ranks of different departments.",
  "userDefined": false
},
{
	"text": " ",
	"userDefined": false
}
],
"isTemplate": false,
"count": 0,
"updated": 0
},
{
  "id": "43297856-153e-4095-aab1-ba06ad59948d",
  "data": [
{
  "text": "ranks",
  "userDefined": false
},
{
	"text": " ",
	"userDefined": false
}
],
"isTemplate": false,
"count": 0,
"updated": 0
},
{
  "id": "48a79499-7e09-403c-aa5f-50adca9abbbe",
  "data": [
{
  "text": "opening and closing ranks",
  "userDefined": false
},
{
	"text": " ",
	"userDefined": false
}
],
"isTemplate": false,
"count": 0,
"updated": 0
},
{
  "id": "9a01f958-e8db-42c9-88ac-e33538bf4a97",
  "data": [
{
  "text": "cutoff ranks for vardhaman",
  "userDefined": false
},
{
	"text": " ",
	"userDefined": false
}
],
"isTemplate": false,
"count": 0,
"updated": 0
},
{
  "id": "07d63958-1230-4888-bd9d-ec76b9d8978c",
  "data": [
{
  "text": "cut off ranks",
  "userDefined": false
},
{
	"text": " ",
	"userDefined": false
}
],
"isTemplate": false,
"count": 0,
"updated": 0
},
{
  "id": "49dd37c9-78ae-4a1a-a20f-26c940d3560d",
  "data": [
{
  "text": "cut off for college",
  "userDefined": false
},
{
	"text": " ",
	"userDefined": false
}
],
"isTemplate": false,
"count": 0,
"updated": 0
}
 ]
