[
{
  "id": "1bb882b5-09ca-4c58-b99b-93e7edb23e57",
  "data": [
{
  "text": "yes",
  "userDefined": false
},
{
	"text": " ",
	"userDefined": false
}
],
"isTemplate": false,
"count": 0,
"updated": 0
},
{
  "id": "0337bfdd-72e2-491e-9ca5-dc666380158c",
  "data": [
{
  "text": "indeed",
  "userDefined": false
},
{
	"text": " ",
	"userDefined": false
}
],
"isTemplate": false,
"count": 0,
"updated": 0
},
{
  "id": "4ab8ed75-b587-4680-a372-7d80b1f317c8",
  "data": [
{
  "text": "of course",
  "userDefined": false
},
{
	"text": " ",
	"userDefined": false
}
],
"isTemplate": false,
"count": 0,
"updated": 0
},
{
  "id": "fc708de1-2ca0-487a-87c2-9a183b5318c2",
  "data": [
{
  "text": "that sounds good",
  "userDefined": false
},
{
	"text": " ",
	"userDefined": false
}
],
"isTemplate": false,
"count": 0,
"updated": 0
},
{
  "id": "e6fc0c37-b555-4a38-a62b-08c3e910b9d0",
  "data": [
{
  "text": "correct",
  "userDefined": false
},
{
	"text": " ",
	"userDefined": false
}
],
"isTemplate": false,
"count": 0,
"updated": 0
}
 ]
