[
{
  "id": "32c99562-0744-4bb9-83a3-bcd8c1c8512b",
  "data": [
{
  "text": "directions to mini auditorium",
  "userDefined": false
},
{
	"text": " ",
	"userDefined": false
}
],
"isTemplate": false,
"count": 0,
"updated": 0
},
{
  "id": "69ae9906-341f-46fe-8d4a-9ee895e55ec0",
  "data": [
{
  "text": "directions to mini audi",
  "userDefined": false
},
{
	"text": " ",
	"userDefined": false
}
],
"isTemplate": false,
"count": 0,
"updated": 0
},
{
  "id": "eeac7486-4d18-4065-8100-34a02c6c3792",
  "data": [
{
  "text": "how to go to mini auditorium",
  "userDefined": false
},
{
	"text": " ",
	"userDefined": false
}
],
"isTemplate": false,
"count": 0,
"updated": 0
},
{
  "id": "a802a248-2a28-4767-9e0f-1997f39e6f9c",
  "data": [
{
  "text": "mini auditorium",
  "userDefined": false
},
{
	"text": " ",
	"userDefined": false
}
],
"isTemplate": false,
"count": 0,
"updated": 0
}
 ]
