[
{
  "id": "77b96dfa-07f1-41f8-9b27-152fa6ac0697",
  "data": [
{
  "text": "btech",
  "userDefined": false
},
{
	"text": " ",
	"userDefined": false
}
],
"isTemplate": false,
"count": 0,
"updated": 0
},
{
  "id": "aa5ad093-81f1-4af4-9ee2-e67024dcf475",
  "data": [
{
  "text": "btech courses",
  "userDefined": false
},
{
	"text": " ",
	"userDefined": false
}
],
"isTemplate": false,
"count": 0,
"updated": 0
},
{
  "id": "76e9b2fe-8863-4049-908c-724dbefa2380",
  "data": [
{
  "text": "what are the btech courses",
  "userDefined": false
},
{
	"text": " ",
	"userDefined": false
}
],
"isTemplate": false,
"count": 0,
"updated": 0
},
{
  "id": "f12f9399-dd04-4a54-b48b-79a549d00ab6",
  "data": [
{
  "text": "what are the btech courses available in vardhaman college of engineering",
  "userDefined": false
},
{
	"text": " ",
	"userDefined": false
}
],
"isTemplate": false,
"count": 0,
"updated": 0
}
 ]
