[
{
  "id": "2c97f010-697d-4418-9645-78ce1b9df277",
  "data": [
{
  "text": "directions to cricket stadium",
  "userDefined": false
},
{
	"text": " ",
	"userDefined": false
}
],
"isTemplate": false,
"count": 0,
"updated": 0
},
{
  "id": "6c0e9ad4-9225-4b67-be11-c52433638991",
  "data": [
{
  "text": "cricket stadium",
  "userDefined": false
},
{
	"text": " ",
	"userDefined": false
}
],
"isTemplate": false,
"count": 0,
"updated": 0
},
{
  "id": "3ecbcb75-80eb-4161-833c-147270993424",
  "data": [
{
  "text": "how to go to cricket stadium",
  "userDefined": false
},
{
	"text": " ",
	"userDefined": false
}
],
"isTemplate": false,
"count": 0,
"updated": 0
}
 ]
