[
{
  "id": "7b52c542-d00b-4bc6-b0ec-8cc13969662f",
  "data": [
{
  "text": "bye",
  "userDefined": false
},
{
	"text": " ",
	"userDefined": false
}
],
"isTemplate": false,
"count": 0,
"updated": 0
},
{
  "id": "6e4a10de-7d5e-4efd-a8ee-c23d7ce3ed9a",
  "data": [
{
  "text": "goodbye",
  "userDefined": false
},
{
	"text": " ",
	"userDefined": false
}
],
"isTemplate": false,
"count": 0,
"updated": 0
},
{
  "id": "74108f7d-2022-44ea-817c-af57590d0505",
  "data": [
{
  "text": "see you around",
  "userDefined": false
},
{
	"text": " ",
	"userDefined": false
}
],
"isTemplate": false,
"count": 0,
"updated": 0
},
{
  "id": "c9dde6da-a909-4ad9-8e02-bb7aea575cf5",
  "data": [
{
  "text": "see you later",
  "userDefined": false
},
{
	"text": " ",
	"userDefined": false
}
],
"isTemplate": false,
"count": 0,
"updated": 0
}
 ]
