[
{
  "id": "72d5418e-c12b-4852-a2b7-0903e1e40a25",
  "data": [
{
  "text": "suggestion",
  "userDefined": false
},
{
	"text": " ",
	"userDefined": false
}
],
"isTemplate": false,
"count": 0,
"updated": 0
},
{
  "id": "8934e334-a877-4708-a204-ce6fd3fda246",
  "data": [
{
  "text": "suggestions",
  "userDefined": false
},
{
	"text": " ",
	"userDefined": false
}
],
"isTemplate": false,
"count": 0,
"updated": 0
},
{
  "id": "ea652e29-35fe-4191-a805-b5f427832949",
  "data": [
{
  "text": "what suggestions do you have?",
  "userDefined": false
},
{
	"text": " ",
	"userDefined": false
}
],
"isTemplate": false,
"count": 0,
"updated": 0
}
 ]
