[
{
  "id": "c3f483e9-b713-4649-b8fa-1cfa2cc0108c",
  "data": [
{
  "text": "direction",
  "userDefined": false
},
{
	"text": " ",
	"userDefined": false
}
],
"isTemplate": false,
"count": 0,
"updated": 0
},
{
  "id": "d8685553-4820-454c-b95f-66faf4bf8ea9",
  "data": [
{
  "text": "directions",
  "userDefined": false
},
{
	"text": " ",
	"userDefined": false
}
],
"isTemplate": false,
"count": 0,
"updated": 0
},
{
  "id": "9b3f93d8-78c7-4091-9dce-b35bdf11dc53",
  "data": [
{
  "text": "directions to college",
  "userDefined": false
},
{
	"text": " ",
	"userDefined": false
}
],
"isTemplate": false,
"count": 0,
"updated": 0
}
 ]
