[
{
  "id": "82cf9d43-94ec-47da-9f50-b2674265c5c6",
  "data": [
{
  "text": "how to come to vardhaman college",
  "userDefined": false
},
{
	"text": " ",
	"userDefined": false
}
],
"isTemplate": false,
"count": 0,
"updated": 0
},
{
  "id": "8c3293dc-cc8b-4363-87f0-385a5ca487d6",
  "data": [
{
  "text": "direction to vardhaman college of Engineering",
  "userDefined": false
},
{
	"text": " ",
	"userDefined": false
}
],
"isTemplate": false,
"count": 0,
"updated": 0
},
{
  "id": "1e96fb57-e738-48c6-a2c6-3a8ca46f1b18",
  "data": [
{
  "text": "vardhaman college",
  "userDefined": false
},
{
	"text": " ",
	"userDefined": false
}
],
"isTemplate": false,
"count": 0,
"updated": 0
},
{
  "id": "5374e420-a7c9-433e-850d-ea2fa240cebe",
  "data": [
{
  "text": "where is vardhaman",
  "userDefined": false
},
{
	"text": " ",
	"userDefined": false
}
],
"isTemplate": false,
"count": 0,
"updated": 0
},
{
  "id": "89803421-88d4-4b87-a69f-38aa40b7080c",
  "data": [
{
  "text": "where is college",
  "userDefined": false
},
{
	"text": " ",
	"userDefined": false
}
],
"isTemplate": false,
"count": 0,
"updated": 0
},
{
  "id": "c24d0630-9018-4b0b-8ff0-5c544f1bf960",
  "data": [
{
  "text": "dir to vardhaman college",
  "userDefined": false
},
{
	"text": " ",
	"userDefined": false
}
],
"isTemplate": false,
"count": 0,
"updated": 0
}
 ]
