[
{
  "id": "231b65a1-5294-47d9-9332-125d3d24e9df",
  "data": [
{
  "text": "directions to freshers block",
  "userDefined": false
},
{
	"text": " ",
	"userDefined": false
}
],
"isTemplate": false,
"count": 0,
"updated": 0
},
{
  "id": "04df027a-3c49-4272-918f-b9ab2eaf79bf",
  "data": [
{
  "text": "how to go to freshers block",
  "userDefined": false
},
{
	"text": " ",
	"userDefined": false
}
],
"isTemplate": false,
"count": 0,
"updated": 0
},
{
  "id": "a7c31e68-8314-46bf-8d72-2989200f1ca6",
  "data": [
{
  "text": "freshers block",
  "userDefined": false
},
{
	"text": " ",
	"userDefined": false
}
],
"isTemplate": false,
"count": 0,
"updated": 0
},
{
  "id": "41cf7272-abef-4d83-8a97-4cea061dfe6c",
  "data": [
{
  "text": "block 5",
  "userDefined": false
},
{
	"text": " ",
	"userDefined": false
}
],
"isTemplate": false,
"count": 0,
"updated": 0
},
{
  "id": "ee7ef46c-4472-44dd-87fd-6a5207efc8c3",
  "data": [
{
  "text": "how to go to block 5",
  "userDefined": false
},
{
	"text": " ",
	"userDefined": false
}
],
"isTemplate": false,
"count": 0,
"updated": 0
}
 ]
