[
{
  "id": "0365a870-99dd-43e8-888b-0616be864505",
  "data": [
{
  "text": "directions to placement training",
  "userDefined": false
},
{
	"text": " ",
	"userDefined": false
}
],
"isTemplate": false,
"count": 0,
"updated": 0
},
{
  "id": "a2330493-3744-427b-9a0f-cda36d0c1d3f",
  "data": [
{
  "text": "how to go to placement training",
  "userDefined": false
},
{
	"text": " ",
	"userDefined": false
}
],
"isTemplate": false,
"count": 0,
"updated": 0
},
{
  "id": "b4c4f88e-ab64-4c50-b41e-c9cee331fe3f",
  "data": [
{
  "text": "placement training",
  "userDefined": false
},
{
	"text": " ",
	"userDefined": false
}
],
"isTemplate": false,
"count": 0,
"updated": 0
},
{
  "id": "041eb670-f5df-4f8d-b8cb-360235db27bb",
  "data": [
{
  "text": "directions to pat",
  "userDefined": false
},
{
	"text": " ",
	"userDefined": false
}
],
"isTemplate": false,
"count": 0,
"updated": 0
},
{
  "id": "96517f39-1c88-44bb-bd27-80be2add1095",
  "data": [
{
  "text": "how to go to pat",
  "userDefined": false
},
{
	"text": " ",
	"userDefined": false
}
],
"isTemplate": false,
"count": 0,
"updated": 0
},
{
  "id": "ef9b5317-4c12-4248-929e-3e0dfae9f066",
  "data": [
{
  "text": "pat",
  "userDefined": false
},
{
	"text": " ",
	"userDefined": false
}
],
"isTemplate": false,
"count": 0,
"updated": 0
}
 ]
