[
{
  "id": "79314836-9add-4b7e-90a3-63c6a31741d6",
  "data": [
{
  "text": "directions to canteen",
  "userDefined": false
},
{
	"text": " ",
	"userDefined": false
}
],
"isTemplate": false,
"count": 0,
"updated": 0
},
{
  "id": "280bbe2f-8099-4e28-998b-be03f03d3b9a",
  "data": [
{
  "text": "how to go to canteen",
  "userDefined": false
},
{
	"text": " ",
	"userDefined": false
}
],
"isTemplate": false,
"count": 0,
"updated": 0
},
{
  "id": "6e2e6e7c-fccd-4dc0-ba57-90ea9b50635e",
  "data": [
{
  "text": "canteen",
  "userDefined": false
},
{
	"text": " ",
	"userDefined": false
}
],
"isTemplate": false,
"count": 0,
"updated": 0
},
{
  "id": "700a6f0a-a8eb-40d5-b693-d69df5263548",
  "data": [
{
  "text": "block 4",
  "userDefined": false
},
{
	"text": " ",
	"userDefined": false
}
],
"isTemplate": false,
"count": 0,
"updated": 0
},
{
  "id": "3027ed37-a5b3-437b-89ed-14d481ec59ba",
  "data": [
{
  "text": "directions to block 4",
  "userDefined": false
},
{
	"text": " ",
	"userDefined": false
}
],
"isTemplate": false,
"count": 0,
"updated": 0
},
{
  "id": "eca574a1-ae31-4fea-b714-5155782c7851",
  "data": [
{
  "text": "how to go to block 4",
  "userDefined": false
},
{
	"text": " ",
	"userDefined": false
}
],
"isTemplate": false,
"count": 0,
"updated": 0
}
 ]
