[
{
  "id": "9776202f-a0de-4ce5-a48d-af84bf3c62cc",
  "data": [
{
  "text": "directions to library",
  "userDefined": false
},
{
	"text": " ",
	"userDefined": false
}
],
"isTemplate": false,
"count": 0,
"updated": 0
},
{
  "id": "458186b3-2bef-41d0-9295-e32ada98af8d",
  "data": [
{
  "text": "library",
  "userDefined": false
},
{
	"text": " ",
	"userDefined": false
}
],
"isTemplate": false,
"count": 0,
"updated": 0
},
{
  "id": "26767d0a-7665-43d9-892c-33cd980ac0fa",
  "data": [
{
  "text": "how to go to library",
  "userDefined": false
},
{
	"text": " ",
	"userDefined": false
}
],
"isTemplate": false,
"count": 0,
"updated": 0
}
 ]
