[
{
  "id": "d580ba6e-63ef-4ddc-b02c-3bd3696a202c",
  "data": [
{
  "text": "directions to mba block",
  "userDefined": false
},
{
	"text": " ",
	"userDefined": false
}
],
"isTemplate": false,
"count": 0,
"updated": 0
},
{
  "id": "0cab235c-e1d4-49a9-b0f2-d3afc66a64a5",
  "data": [
{
  "text": "direct to mba block",
  "userDefined": false
},
{
	"text": " ",
	"userDefined": false
}
],
"isTemplate": false,
"count": 0,
"updated": 0
},
{
  "id": "5415439d-4f87-4b6f-883a-64355274e937",
  "data": [
{
  "text": "how to go to mba block",
  "userDefined": false
},
{
	"text": " ",
	"userDefined": false
}
],
"isTemplate": false,
"count": 0,
"updated": 0
},
{
  "id": "39db0115-0499-40e8-8069-3b6b39402faf",
  "data": [
{
  "text": "mba block",
  "userDefined": false
},
{
	"text": " ",
	"userDefined": false
}
],
"isTemplate": false,
"count": 0,
"updated": 0
}
 ]
