[
{
  "id": "0f3e446d-e33b-4ffe-ac2b-4d0c4aa200c5",
  "data": [
{
  "text": "departments",
  "userDefined": false
},
{
	"text": " ",
	"userDefined": false
}
],
"isTemplate": false,
"count": 0,
"updated": 0
},
{
  "id": "5a285877-fdef-4f09-8ab3-e01a5cd6a9a4",
  "data": [
{
  "text": "what are the different departments",
  "userDefined": false
},
{
	"text": " ",
	"userDefined": false
}
],
"isTemplate": false,
"count": 0,
"updated": 0
},
{
  "id": "6493a211-83b0-493c-9bfc-ec21209b367a",
  "data": [
{
  "text": "what are the different departments in college",
  "userDefined": false
},
{
	"text": " ",
	"userDefined": false
}
],
"isTemplate": false,
"count": 0,
"updated": 0
},
{
  "id": "9d348456-533f-44a0-8541-432ddd11edba",
  "data": [
{
  "text": "what are the different departments of vardhaman college of Engineering",
  "userDefined": false
},
{
	"text": " ",
	"userDefined": false
}
],
"isTemplate": false,
"count": 0,
"updated": 0
},
{
  "id": "03f6a295-1f72-4f17-943b-9244aa723f81",
  "data": [
{
  "text": "what are the departments in College",
  "userDefined": false
},
{
	"text": " ",
	"userDefined": false
}
],
"isTemplate": false,
"count": 0,
"updated": 0
},
{
  "id": "4b492734-4e32-4b2b-83c4-5957ceed7448",
  "data": [
{
  "text": "what departments are present in the College",
  "userDefined": false
},
{
	"text": " ",
	"userDefined": false
}
],
"isTemplate": false,
"count": 0,
"updated": 0
}
 ]
