[
{
  "id": "ffad72e1-ba49-4c41-bd85-5cc9aaea0985",
  "data": [
{
  "text": "pg",
  "userDefined": false
},
{
	"text": " ",
	"userDefined": false
}
],
"isTemplate": false,
"count": 0,
"updated": 0
},
{
  "id": "015632f2-e989-4c0c-af17-e03f473bc6f0",
  "data": [
{
  "text": "pg courses",
  "userDefined": false
},
{
	"text": " ",
	"userDefined": false
}
],
"isTemplate": false,
"count": 0,
"updated": 0
},
{
  "id": "2ac9a332-8048-489f-960e-c7e0c75c2078",
  "data": [
{
  "text": "what are the pg courses",
  "userDefined": false
},
{
	"text": " ",
	"userDefined": false
}
],
"isTemplate": false,
"count": 0,
"updated": 0
},
{
  "id": "8e51b1d9-8082-45dc-9a00-b408a459f6e4",
  "data": [
{
  "text": "what are the pg courses available in vardhaman college of engineering",
  "userDefined": false
},
{
	"text": " ",
	"userDefined": false
}
],
"isTemplate": false,
"count": 0,
"updated": 0
}
 ]
