[
{
  "id": "cba9a3c3-6aec-417f-bf48-e997ed1052b1",
  "data": [
{
  "text": "directions to hostel",
  "userDefined": false
},
{
	"text": " ",
	"userDefined": false
}
],
"isTemplate": false,
"count": 0,
"updated": 0
},
{
  "id": "c72c28c7-5cf0-4e50-abaa-44da88989a4a",
  "data": [
{
  "text": "hostel",
  "userDefined": false
},
{
	"text": " ",
	"userDefined": false
}
],
"isTemplate": false,
"count": 0,
"updated": 0
},
{
  "id": "f55270ee-7897-402e-aef8-f82b143329e3",
  "data": [
{
  "text": "how to go to hostel",
  "userDefined": false
},
{
	"text": " ",
	"userDefined": false
}
],
"isTemplate": false,
"count": 0,
"updated": 0
},
{
  "id": "c515b86a-2e75-40c4-ade5-d42aed7ea417",
  "data": [
{
  "text": "how to go to boys hostel",
  "userDefined": false
},
{
	"text": " ",
	"userDefined": false
}
],
"isTemplate": false,
"count": 0,
"updated": 0
},
{
  "id": "4a0aa415-5cc8-4874-9a10-bdec98b02970",
  "data": [
{
  "text": "how to go to girls hostel",
  "userDefined": false
},
{
	"text": " ",
	"userDefined": false
}
],
"isTemplate": false,
"count": 0,
"updated": 0
}
 ]
