[
{
  "id": "69e7e816-15e3-438b-953b-e59805953e63",
  "data": [
{
  "text": "sad",
  "userDefined": false
},
{
	"text": " ",
	"userDefined": false
}
],
"isTemplate": false,
"count": 0,
"updated": 0
},
{
  "id": "b14bc688-2783-4c3d-bb2e-1122880f9c05",
  "data": [
{
  "text": "very sad",
  "userDefined": false
},
{
	"text": " ",
	"userDefined": false
}
],
"isTemplate": false,
"count": 0,
"updated": 0
},
{
  "id": "677a16b7-2b6d-412e-ac72-472ab7ae5d85",
  "data": [
{
  "text": "unhappy",
  "userDefined": false
},
{
	"text": " ",
	"userDefined": false
}
],
"isTemplate": false,
"count": 0,
"updated": 0
},
{
  "id": "8ac18b7b-0b4d-41e2-b5b4-1d614d6c7615",
  "data": [
{
  "text": "bad",
  "userDefined": false
},
{
	"text": " ",
	"userDefined": false
}
],
"isTemplate": false,
"count": 0,
"updated": 0
},
{
  "id": "e6306cc1-6469-4aee-911b-7dfb32c23e1e",
  "data": [
{
  "text": "very bad",
  "userDefined": false
},
{
	"text": " ",
	"userDefined": false
}
],
"isTemplate": false,
"count": 0,
"updated": 0
},
{
  "id": "5412ea86-c469-4a7d-89bb-6d6c324902b3",
  "data": [
{
  "text": "awful",
  "userDefined": false
},
{
	"text": " ",
	"userDefined": false
}
],
"isTemplate": false,
"count": 0,
"updated": 0
},
{
  "id": "96f3b985-889f-4a10-910a-b005dd6418e3",
  "data": [
{
  "text": "terrible",
  "userDefined": false
},
{
	"text": " ",
	"userDefined": false
}
],
"isTemplate": false,
"count": 0,
"updated": 0
},
{
  "id": "36021a70-4d68-46d6-8b47-8a0d4b3c150b",
  "data": [
{
  "text": "not very good",
  "userDefined": false
},
{
	"text": " ",
	"userDefined": false
}
],
"isTemplate": false,
"count": 0,
"updated": 0
},
{
  "id": "da5e6045-cfc6-443c-b4dc-96908eabdf02",
  "data": [
{
  "text": "extremely sad",
  "userDefined": false
},
{
	"text": " ",
	"userDefined": false
}
],
"isTemplate": false,
"count": 0,
"updated": 0
},
{
  "id": "eaef3ac0-2354-46ce-a624-7e58bcab8a4c",
  "data": [
{
  "text": "so sad",
  "userDefined": false
},
{
	"text": " ",
	"userDefined": false
}
],
"isTemplate": false,
"count": 0,
"updated": 0
}
 ]
