[
{
  "id": "b13cd8e8-0001-4e55-b5e6-cfb87b359305",
  "data": [
{
  "text": "placements",
  "userDefined": false
},
{
	"text": " ",
	"userDefined": false
}
],
"isTemplate": false,
"count": 0,
"updated": 0
},
{
  "id": "8f796b21-3d4c-4a4b-a67e-cc25a7b5546d",
  "data": [
{
  "text": "what companies visit the college",
  "userDefined": false
},
{
	"text": " ",
	"userDefined": false
}
],
"isTemplate": false,
"count": 0,
"updated": 0
},
{
  "id": "3aab48c0-42b5-49de-bfe0-d0fd6278454c",
  "data": [
{
  "text": "what is the placements percentage in College",
  "userDefined": false
},
{
	"text": " ",
	"userDefined": false
}
],
"isTemplate": false,
"count": 0,
"updated": 0
},
{
  "id": "44b05ba3-68f0-4efa-a687-349e21634721",
  "data": [
{
  "text": "how are the placements in vardhaman college of Engineering",
  "userDefined": false
},
{
	"text": " ",
	"userDefined": false
}
],
"isTemplate": false,
"count": 0,
"updated": 0
},
{
  "id": "0bb34501-e7e4-4f3a-80a4-c0103b240712",
  "data": [
{
  "text": "are the placements good in vardhaman college of enigineering",
  "userDefined": false
},
{
	"text": " ",
	"userDefined": false
}
],
"isTemplate": false,
"count": 0,
"updated": 0
},
{
  "id": "eb873823-d292-4f91-8d07-0a8d9129eb4e",
  "data": [
{
  "text": "what are the companies visiting vardhaman college of Engineering",
  "userDefined": false
},
{
	"text": " ",
	"userDefined": false
}
],
"isTemplate": false,
"count": 0,
"updated": 0
}
 ]
