[
{
  "id": "47704d10-5861-462e-8009-eab6b1b6036b",
  "data": [
{
  "text": "perfect",
  "userDefined": false
},
{
	"text": " ",
	"userDefined": false
}
],
"isTemplate": false,
"count": 0,
"updated": 0
},
{
  "id": "f7837092-b399-4c66-990d-b7dc587446cf",
  "data": [
{
  "text": "very good",
  "userDefined": false
},
{
	"text": " ",
	"userDefined": false
}
],
"isTemplate": false,
"count": 0,
"updated": 0
},
{
  "id": "2ab35240-f331-4a29-b5bf-c853ed98bd19",
  "data": [
{
  "text": "great",
  "userDefined": false
},
{
	"text": " ",
	"userDefined": false
}
],
"isTemplate": false,
"count": 0,
"updated": 0
},
{
  "id": "ad40aa3d-8712-4e82-9d9d-8a8ce8a6ab8c",
  "data": [
{
  "text": "amazing",
  "userDefined": false
},
{
	"text": " ",
	"userDefined": false
}
],
"isTemplate": false,
"count": 0,
"updated": 0
},
{
  "id": "7941e249-5685-4e82-87d2-291f8738531c",
  "data": [
{
  "text": "wonderful",
  "userDefined": false
},
{
	"text": " ",
	"userDefined": false
}
],
"isTemplate": false,
"count": 0,
"updated": 0
},
{
  "id": "67c281b7-4405-4d51-9291-dfe7d85c5c6d",
  "data": [
{
  "text": "I am feeling very good",
  "userDefined": false
},
{
	"text": " ",
	"userDefined": false
}
],
"isTemplate": false,
"count": 0,
"updated": 0
},
{
  "id": "7145083f-6e08-4294-8283-05be4edbfbf2",
  "data": [
{
  "text": "I am great",
  "userDefined": false
},
{
	"text": " ",
	"userDefined": false
}
],
"isTemplate": false,
"count": 0,
"updated": 0
},
{
  "id": "6533f60a-bb7f-4a12-ac58-bcb9f66feb04",
  "data": [
{
  "text": "I'm good",
  "userDefined": false
},
{
	"text": " ",
	"userDefined": false
}
],
"isTemplate": false,
"count": 0,
"updated": 0
}
 ]
