[
{
  "id": "d72d4b3a-3722-4cbc-a401-76ef948d42b0",
  "data": [
{
  "text": "hey",
  "userDefined": false
},
{
	"text": " ",
	"userDefined": false
}
],
"isTemplate": false,
"count": 0,
"updated": 0
},
{
  "id": "55568f12-6795-4ba0-a3fb-0c9c7690897f",
  "data": [
{
  "text": "hello",
  "userDefined": false
},
{
	"text": " ",
	"userDefined": false
}
],
"isTemplate": false,
"count": 0,
"updated": 0
},
{
  "id": "95df40d3-3a07-4da8-9df1-0c398a10e680",
  "data": [
{
  "text": "hi",
  "userDefined": false
},
{
	"text": " ",
	"userDefined": false
}
],
"isTemplate": false,
"count": 0,
"updated": 0
},
{
  "id": "ab9716b3-4c3b-43eb-a9d7-e3b684805e07",
  "data": [
{
  "text": "good morning",
  "userDefined": false
},
{
	"text": " ",
	"userDefined": false
}
],
"isTemplate": false,
"count": 0,
"updated": 0
},
{
  "id": "fc658b5e-0a53-41e7-a476-709416ed2c8c",
  "data": [
{
  "text": "good evening",
  "userDefined": false
},
{
	"text": " ",
	"userDefined": false
}
],
"isTemplate": false,
"count": 0,
"updated": 0
},
{
  "id": "d5a072b0-ba09-4c72-abef-f9949c5817cd",
  "data": [
{
  "text": "hey there",
  "userDefined": false
},
{
	"text": " ",
	"userDefined": false
}
],
"isTemplate": false,
"count": 0,
"updated": 0
}
 ]
