[
{
  "id": "b18d7add-b761-41e1-b443-805ad25a2ab9",
  "data": [
{
  "text": "sad",
  "userDefined": false
},
{
	"text": " ",
	"userDefined": false
}
],
"isTemplate": false,
"count": 0,
"updated": 0
},
{
  "id": "2c0a666a-7c19-4a65-bd9c-473b4fd3284d",
  "data": [
{
  "text": "very sad",
  "userDefined": false
},
{
	"text": " ",
	"userDefined": false
}
],
"isTemplate": false,
"count": 0,
"updated": 0
},
{
  "id": "d030882e-f5f2-439b-b433-890ce969fa47",
  "data": [
{
  "text": "unhappy",
  "userDefined": false
},
{
	"text": " ",
	"userDefined": false
}
],
"isTemplate": false,
"count": 0,
"updated": 0
},
{
  "id": "eb9e076f-414e-4037-9670-e6e3954fcee2",
  "data": [
{
  "text": "bad",
  "userDefined": false
},
{
	"text": " ",
	"userDefined": false
}
],
"isTemplate": false,
"count": 0,
"updated": 0
},
{
  "id": "139f70e2-f913-490c-afeb-b674397a16f3",
  "data": [
{
  "text": "very bad",
  "userDefined": false
},
{
	"text": " ",
	"userDefined": false
}
],
"isTemplate": false,
"count": 0,
"updated": 0
},
{
  "id": "3f9392d7-e998-4a51-81d9-79702f262b35",
  "data": [
{
  "text": "awful",
  "userDefined": false
},
{
	"text": " ",
	"userDefined": false
}
],
"isTemplate": false,
"count": 0,
"updated": 0
},
{
  "id": "94f109c8-7e6b-4d4c-94b0-f7ee2524abdf",
  "data": [
{
  "text": "terrible",
  "userDefined": false
},
{
	"text": " ",
	"userDefined": false
}
],
"isTemplate": false,
"count": 0,
"updated": 0
},
{
  "id": "d64085fb-bb37-450b-abcc-b8e2a9d6ac69",
  "data": [
{
  "text": "not very good",
  "userDefined": false
},
{
	"text": " ",
	"userDefined": false
}
],
"isTemplate": false,
"count": 0,
"updated": 0
},
{
  "id": "68a0216d-c129-4f13-9e36-6477ed7832a4",
  "data": [
{
  "text": "extremely sad",
  "userDefined": false
},
{
	"text": " ",
	"userDefined": false
}
],
"isTemplate": false,
"count": 0,
"updated": 0
},
{
  "id": "edb98841-c5e6-4482-90e3-6625fe65b2da",
  "data": [
{
  "text": "so sad",
  "userDefined": false
},
{
	"text": " ",
	"userDefined": false
}
],
"isTemplate": false,
"count": 0,
"updated": 0
}
 ]
