[
{
  "id": "708468f8-2ee0-4559-ad3a-85a76a6c0a42",
  "data": [
{
  "text": "bye!",
  "userDefined": false
},
{
	"text": " ",
	"userDefined": false
}
],
"isTemplate": false,
"count": 0,
"updated": 0
},
{
  "id": "3ed2a6ee-87fb-40e7-8e2e-5880119f2685",
  "data": [
{
  "text": "goodbye",
  "userDefined": false
},
{
	"text": " ",
	"userDefined": false
}
],
"isTemplate": false,
"count": 0,
"updated": 0
},
{
  "id": "aa99a3c1-5eea-438a-8518-17f1f0a1bdca",
  "data": [
{
  "text": "goodbye!",
  "userDefined": false
},
{
	"text": " ",
	"userDefined": false
}
],
"isTemplate": false,
"count": 0,
"updated": 0
},
{
  "id": "f028f4a2-9f37-4bb6-b95b-1ee8d5285c6e",
  "data": [
{
  "text": "see ya",
  "userDefined": false
},
{
	"text": " ",
	"userDefined": false
}
],
"isTemplate": false,
"count": 0,
"updated": 0
},
{
  "id": "e10e1f4c-afcd-40a0-8522-f42f1b3036a3",
  "data": [
{
  "text": "bye",
  "userDefined": false
},
{
	"text": " ",
	"userDefined": false
}
],
"isTemplate": false,
"count": 0,
"updated": 0
}
 ]
