[
{
  "id": "0df54828-119f-4aa9-9dc7-7ca6a8af0400",
  "data": [
{
  "text": "Alert Authorities",
  "userDefined": false
},
{
	"text": " ",
	"userDefined": false
}
],
"isTemplate": false,
"count": 0,
"updated": 0
},
{
  "id": "e44f64d6-d82e-427a-9a50-a6a28d8849e8",
  "data": [
{
  "text": "Alert the police",
  "userDefined": false
},
{
	"text": " ",
	"userDefined": false
}
],
"isTemplate": false,
"count": 0,
"updated": 0
},
{
  "id": "4ff3eeab-ed5f-4fa6-8b87-1b7b430898bb",
  "data": [
{
  "text": "Call the police",
  "userDefined": false
},
{
	"text": " ",
	"userDefined": false
}
],
"isTemplate": false,
"count": 0,
"updated": 0
}
 ]
