[
{
  "id": "fff4ded7-259d-4fe9-a87f-032838c1344f",
  "data": [
{
  "text": "Call my emergency contacts",
  "userDefined": false
},
{
	"text": " ",
	"userDefined": false
}
],
"isTemplate": false,
"count": 0,
"updated": 0
},
{
  "id": "660aa111-c237-4a50-a337-ae8e609e10b2",
  "data": [
{
  "text": "Alert my family",
  "userDefined": false
},
{
	"text": " ",
	"userDefined": false
}
],
"isTemplate": false,
"count": 0,
"updated": 0
},
{
  "id": "72a71ebe-d722-463f-ae71-55eb5da872b2",
  "data": [
{
  "text": "Notify Family",
  "userDefined": false
},
{
	"text": " ",
	"userDefined": false
}
],
"isTemplate": false,
"count": 0,
"updated": 0
}
 ]
