[
{
  "id": "697a11dd-e095-4a9a-9ba2-e850e16aec76",
  "data": [
{
  "text": "Monitor Vehicle Health",
  "userDefined": false
},
{
	"text": " ",
	"userDefined": false
}
],
"isTemplate": false,
"count": 0,
"updated": 0
},
{
  "id": "5c268213-47fc-47ac-978a-7cef72be389b",
  "data": [
{
  "text": "show me on board diagnostics of my vehicle",
  "userDefined": false
},
{
	"text": " ",
	"userDefined": false
}
],
"isTemplate": false,
"count": 0,
"updated": 0
},
{
  "id": "0b21ab27-6569-43ce-a9ad-affc373b06b2",
  "data": [
{
  "text": "check my vehicle status",
  "userDefined": false
},
{
	"text": " ",
	"userDefined": false
}
],
"isTemplate": false,
"count": 0,
"updated": 0
}
 ]
