[
{
  "id": "e0d759f7-10c9-44e5-855c-3fa43b1ba659",
  "data": [
{
  "text": "Intermediate, 1-2 bots",
  "userDefined": false
},
{
	"text": " ",
	"userDefined": false
}
],
"isTemplate": false,
"count": 0,
"updated": 0
},
{
  "id": "4033d74c-77fd-4f55-9504-0d0869c5e9bb",
  "data": [
{
  "text": "Intermediate, built a couple of bots",
  "userDefined": false
},
{
	"text": " ",
	"userDefined": false
}
],
"isTemplate": false,
"count": 0,
"updated": 0
},
{
  "id": "83fb3606-8878-44b1-98aa-559d92ddbe4b",
  "data": [
{
  "text": "2-3 bots",
  "userDefined": false
},
{
	"text": " ",
	"userDefined": false
}
],
"isTemplate": false,
"count": 0,
"updated": 0
},
{
  "id": "affedbcb-43bc-48e2-83a7-19a4edb2f907",
  "data": [
{
  "text": "I'm not very experienced",
  "userDefined": false
},
{
	"text": " ",
	"userDefined": false
}
],
"isTemplate": false,
"count": 0,
"updated": 0
},
{
  "id": "d8249186-48fd-4415-ac6a-df90df8286e1",
  "data": [
{
  "text": "I've built a couple of bots",
  "userDefined": false
},
{
	"text": " ",
	"userDefined": false
}
],
"isTemplate": false,
"count": 0,
"updated": 0
},
{
  "id": "39637f9e-8db3-48da-a88b-fe4550cdd6b2",
  "data": [
{
  "text": "intermediate",
  "userDefined": false
},
{
	"text": " ",
	"userDefined": false
}
],
"isTemplate": false,
"count": 0,
"updated": 0
}
 ]
