[
{
  "id": "248d7cc6-cd22-4c5a-a6a4-b6abc892f530",
  "data": [
{
  "text": "advanced, several bots",
  "userDefined": false
},
{
	"text": " ",
	"userDefined": false
}
],
"isTemplate": false,
"count": 0,
"updated": 0
},
{
  "id": "1d3bdc81-772e-43ca-b228-d5b68ede3c71",
  "data": [
{
  "text": "I build bots every day",
  "userDefined": false
},
{
	"text": " ",
	"userDefined": false
}
],
"isTemplate": false,
"count": 0,
"updated": 0
},
{
  "id": "93f797d5-94b2-487b-bfe0-921698e97278",
  "data": [
{
  "text": "I've built 100+ bots",
  "userDefined": false
},
{
	"text": " ",
	"userDefined": false
}
],
"isTemplate": false,
"count": 0,
"updated": 0
},
{
  "id": "df57106f-342d-4acc-9407-afd3f0cebee0",
  "data": [
{
  "text": "that's how I earn money",
  "userDefined": false
},
{
	"text": " ",
	"userDefined": false
}
],
"isTemplate": false,
"count": 0,
"updated": 0
},
{
  "id": "62a02d65-d608-4bfe-89fa-8caf19708a06",
  "data": [
{
  "text": "I do it for life",
  "userDefined": false
},
{
	"text": " ",
	"userDefined": false
}
],
"isTemplate": false,
"count": 0,
"updated": 0
},
{
  "id": "714a5429-ff73-45e6-9e40-de485bd8735c",
  "data": [
{
  "text": "I'm a professional bot builder",
  "userDefined": false
},
{
	"text": " ",
	"userDefined": false
}
],
"isTemplate": false,
"count": 0,
"updated": 0
},
{
  "id": "4bf83618-ead6-43a4-a104-ce82ec0e7a70",
  "data": [
{
  "text": "it's my job",
  "userDefined": false
},
{
	"text": " ",
	"userDefined": false
}
],
"isTemplate": false,
"count": 0,
"updated": 0
},
{
  "id": "defa890f-e7a5-4a13-8bd4-ba4efd8ac34e",
  "data": [
{
  "text": "advanced",
  "userDefined": false
},
{
	"text": " ",
	"userDefined": false
}
],
"isTemplate": false,
"count": 0,
"updated": 0
}
 ]
