[
{
  "id": "2da2bf6b-b818-4a74-b1c4-2d23735edac7",
  "data": [
{
  "text": "first time",
  "userDefined": false
},
{
	"text": " ",
	"userDefined": false
}
],
"isTemplate": false,
"count": 0,
"updated": 0
},
{
  "id": "e538c19b-371a-4387-b2d7-266d7e6f127c",
  "data": [
{
  "text": "don't know",
  "userDefined": false
},
{
	"text": " ",
	"userDefined": false
}
],
"isTemplate": false,
"count": 0,
"updated": 0
},
{
  "id": "f907d59f-0a5a-46a8-ac8b-30bb0f4f6e4a",
  "data": [
{
  "text": "don't know anything",
  "userDefined": false
},
{
	"text": " ",
	"userDefined": false
}
],
"isTemplate": false,
"count": 0,
"updated": 0
},
{
  "id": "7a580ad9-81a0-4b36-b406-30aa9d99c7f9",
  "data": [
{
  "text": "not familiar",
  "userDefined": false
},
{
	"text": " ",
	"userDefined": false
}
],
"isTemplate": false,
"count": 0,
"updated": 0
},
{
  "id": "90a39f5c-f9d7-4a75-b931-151b3227e896",
  "data": [
{
  "text": "it's going to be my first bot",
  "userDefined": false
},
{
	"text": " ",
	"userDefined": false
}
],
"isTemplate": false,
"count": 0,
"updated": 0
},
{
  "id": "b1c1d918-5b03-4649-afb9-b5f3d0bc6423",
  "data": [
{
  "text": "elementary",
  "userDefined": false
},
{
	"text": " ",
	"userDefined": false
}
],
"isTemplate": false,
"count": 0,
"updated": 0
},
{
  "id": "f1716f3a-4018-405f-96ba-85fcd07aeeeb",
  "data": [
{
  "text": "beginner",
  "userDefined": false
},
{
	"text": " ",
	"userDefined": false
}
],
"isTemplate": false,
"count": 0,
"updated": 0
},
{
  "id": "666d25a5-8925-4b0c-81bf-19607b0fb3b8",
  "data": [
{
  "text": "I'm just starting to dive into bot's world",
  "userDefined": false
},
{
	"text": " ",
	"userDefined": false
}
],
"isTemplate": false,
"count": 0,
"updated": 0
},
{
  "id": "8b9e2958-e17b-4c2b-b251-7ffbd7fa4e5c",
  "data": [
{
  "text": "just starting",
  "userDefined": false
},
{
	"text": " ",
	"userDefined": false
}
],
"isTemplate": false,
"count": 0,
"updated": 0
},
{
  "id": "8c1a863d-d176-4fc7-b19e-c478ef8613f1",
  "data": [
{
  "text": "I'm a beginner",
  "userDefined": false
},
{
	"text": " ",
	"userDefined": false
}
],
"isTemplate": false,
"count": 0,
"updated": 0
},
{
  "id": "3363b4e2-88c6-437f-9083-5e925464ce29",
  "data": [
{
  "text": "I'm doing it for the first time",
  "userDefined": false
},
{
	"text": " ",
	"userDefined": false
}
],
"isTemplate": false,
"count": 0,
"updated": 0
}
 ]
