[
{
  "id": "aca02fa7-0d12-4325-9e92-7a3a4b354c05",
  "data": [
{
  "text": "yes",
  "userDefined": false
},
{
	"text": " ",
	"userDefined": false
}
],
"isTemplate": false,
"count": 0,
"updated": 0
},
{
  "id": "648f6641-0487-4025-9168-b3326e0306d0",
  "data": [
{
  "text": "do it",
  "userDefined": false
},
{
	"text": " ",
	"userDefined": false
}
],
"isTemplate": false,
"count": 0,
"updated": 0
},
{
  "id": "100bd373-0ba4-42b5-8947-2fc2aaee3fc1",
  "data": [
{
  "text": "sure",
  "userDefined": false
},
{
	"text": " ",
	"userDefined": false
}
],
"isTemplate": false,
"count": 0,
"updated": 0
},
{
  "id": "a2b353b8-57db-4dcc-8940-8b8c6dcd3a1e",
  "data": [
{
  "text": "exactly",
  "userDefined": false
},
{
	"text": " ",
	"userDefined": false
}
],
"isTemplate": false,
"count": 0,
"updated": 0
},
{
  "id": "bc128827-fba8-4210-bb2a-a1d87d60469c",
  "data": [
{
  "text": "confirm",
  "userDefined": false
},
{
	"text": " ",
	"userDefined": false
}
],
"isTemplate": false,
"count": 0,
"updated": 0
},
{
  "id": "9139fdcc-0014-4926-a8bf-ed2a4798872d",
  "data": [
{
  "text": "of course",
  "userDefined": false
},
{
	"text": " ",
	"userDefined": false
}
],
"isTemplate": false,
"count": 0,
"updated": 0
},
{
  "id": "e28bf3fb-53ca-4515-83bb-a7025811f0a7",
  "data": [
{
  "text": "sounds good",
  "userDefined": false
},
{
	"text": " ",
	"userDefined": false
}
],
"isTemplate": false,
"count": 0,
"updated": 0
},
{
  "id": "05dd9ad4-87f0-4273-af77-cff1a62beb5d",
  "data": [
{
  "text": "that's correct",
  "userDefined": false
},
{
	"text": " ",
	"userDefined": false
}
],
"isTemplate": false,
"count": 0,
"updated": 0
},
{
  "id": "edf6d2b9-b2da-48fb-a390-b5d900367492",
  "data": [
{
  "text": "I don't mind",
  "userDefined": false
},
{
	"text": " ",
	"userDefined": false
}
],
"isTemplate": false,
"count": 0,
"updated": 0
},
{
  "id": "8f1c64a1-2c6d-44e2-8b93-c3a7d10edeb4",
  "data": [
{
  "text": "I agree",
  "userDefined": false
},
{
	"text": " ",
	"userDefined": false
}
],
"isTemplate": false,
"count": 0,
"updated": 0
}
 ]
