[
{
  "id": "e2020004-3e53-4cab-ae29-22c1e90dcbb4",
  "data": [
{
  "text": "no",
  "userDefined": false
},
{
	"text": " ",
	"userDefined": false
}
],
"isTemplate": false,
"count": 0,
"updated": 0
},
{
  "id": "c43e87a1-9ff1-45d9-97f1-7f591f30e2a2",
  "data": [
{
  "text": "don't do it",
  "userDefined": false
},
{
	"text": " ",
	"userDefined": false
}
],
"isTemplate": false,
"count": 0,
"updated": 0
},
{
  "id": "ae3c9856-96e8-4d01-96f4-1c5193ccc50c",
  "data": [
{
  "text": "definitely not",
  "userDefined": false
},
{
	"text": " ",
	"userDefined": false
}
],
"isTemplate": false,
"count": 0,
"updated": 0
},
{
  "id": "0796242b-cef8-48ac-b4e6-0505420bd949",
  "data": [
{
  "text": "not really",
  "userDefined": false
},
{
	"text": " ",
	"userDefined": false
}
],
"isTemplate": false,
"count": 0,
"updated": 0
},
{
  "id": "d749d717-398f-4115-9028-803867ae0f9d",
  "data": [
{
  "text": "thanks but no",
  "userDefined": false
},
{
	"text": " ",
	"userDefined": false
}
],
"isTemplate": false,
"count": 0,
"updated": 0
},
{
  "id": "31e5893a-fb55-4466-abf6-09845ddade56",
  "data": [
{
  "text": "not interested",
  "userDefined": false
},
{
	"text": " ",
	"userDefined": false
}
],
"isTemplate": false,
"count": 0,
"updated": 0
},
{
  "id": "f5b0398c-5f56-4232-a7f7-8b1d9ec648ed",
  "data": [
{
  "text": "I don't think so",
  "userDefined": false
},
{
	"text": " ",
	"userDefined": false
}
],
"isTemplate": false,
"count": 0,
"updated": 0
},
{
  "id": "01625ee8-3049-450f-bed4-70899b5c6813",
  "data": [
{
  "text": "I disagree",
  "userDefined": false
},
{
	"text": " ",
	"userDefined": false
}
],
"isTemplate": false,
"count": 0,
"updated": 0
},
{
  "id": "d2783098-d84a-49cd-a04c-449e33f88810",
  "data": [
{
  "text": "I don't want that",
  "userDefined": false
},
{
	"text": " ",
	"userDefined": false
}
],
"isTemplate": false,
"count": 0,
"updated": 0
}
 ]
