[
{
  "id": "b92c6bb9-cea8-49c8-bfec-3ba4a8781762",
  "data": [
{
  "text": "what is a assistant app",
  "userDefined": false
},
{
	"text": " ",
	"userDefined": false
}
],
"isTemplate": false,
"count": 0,
"updated": 0
},
{
  "id": "457049de-6b15-4136-ba7e-cec55a1ee322",
  "data": [
{
  "text": "who are bots",
  "userDefined": false
},
{
	"text": " ",
	"userDefined": false
}
],
"isTemplate": false,
"count": 0,
"updated": 0
},
{
  "id": "21908236-6e8b-414c-b73e-1910ee230d63",
  "data": [
{
  "text": "do you know anything about conversation apps",
  "userDefined": false
},
{
	"text": " ",
	"userDefined": false
}
],
"isTemplate": false,
"count": 0,
"updated": 0
},
{
  "id": "b6f216e4-f43b-433d-9494-b2220f931ca9",
  "data": [
{
  "text": "what are virtual assistants",
  "userDefined": false
},
{
	"text": " ",
	"userDefined": false
}
],
"isTemplate": false,
"count": 0,
"updated": 0
},
{
  "id": "a04bf7e0-2689-4857-ac8b-5b0a7ba2327c",
  "data": [
{
  "text": "what is a chatbot",
  "userDefined": false
},
{
	"text": " ",
	"userDefined": false
}
],
"isTemplate": false,
"count": 0,
"updated": 0
},
{
  "id": "7cea8f32-93b9-4aa5-83b6-1fa49455b8a3",
  "data": [
{
  "text": "tell me about virtual assistants",
  "userDefined": false
},
{
	"text": " ",
	"userDefined": false
}
],
"isTemplate": false,
"count": 0,
"updated": 0
},
{
  "id": "50fb08ba-6811-4001-ad69-80b7a47c97fe",
  "data": [
{
  "text": "what are chatbots designed for",
  "userDefined": false
},
{
	"text": " ",
	"userDefined": false
}
],
"isTemplate": false,
"count": 0,
"updated": 0
},
{
  "id": "9617d70d-6484-49f5-af4c-a8f68215aaba",
  "data": [
{
  "text": "how does a bot work",
  "userDefined": false
},
{
	"text": " ",
	"userDefined": false
}
],
"isTemplate": false,
"count": 0,
"updated": 0
}
 ]
