[
{
  "id": "e3e19812-4bde-4906-9942-9c9106350903",
  "data": [
{
  "text": "show me your skills",
  "userDefined": false
},
{
	"text": " ",
	"userDefined": false
}
],
"isTemplate": false,
"count": 0,
"updated": 0
},
{
  "id": "858a158d-8df7-4c07-9e34-210634411796",
  "data": [
{
  "text": "what can you help me with",
  "userDefined": false
},
{
	"text": " ",
	"userDefined": false
}
],
"isTemplate": false,
"count": 0,
"updated": 0
},
{
  "id": "d0781b55-e5c8-4de4-bfb8-0b855732853a",
  "data": [
{
  "text": "what are your main features",
  "userDefined": false
},
{
	"text": " ",
	"userDefined": false
}
],
"isTemplate": false,
"count": 0,
"updated": 0
},
{
  "id": "276c0571-7be0-4f05-b59b-d499383f3934",
  "data": [
{
  "text": "is there something I should know about your features",
  "userDefined": false
},
{
	"text": " ",
	"userDefined": false
}
],
"isTemplate": false,
"count": 0,
"updated": 0
},
{
  "id": "adc49645-2d53-4926-b293-876b239529d8",
  "data": [
{
  "text": "tell me some of your interesting capabilities",
  "userDefined": false
},
{
	"text": " ",
	"userDefined": false
}
],
"isTemplate": false,
"count": 0,
"updated": 0
},
{
  "id": "25c8e3f4-7b06-47d5-a3b1-3b4e7dd2fc2a",
  "data": [
{
  "text": "guide from your skills",
  "userDefined": false
},
{
	"text": " ",
	"userDefined": false
}
],
"isTemplate": false,
"count": 0,
"updated": 0
},
{
  "id": "dad0e10f-2eb1-4a8f-bdad-cf96378897d8",
  "data": [
{
  "text": "how do we start working",
  "userDefined": false
},
{
	"text": " ",
	"userDefined": false
}
],
"isTemplate": false,
"count": 0,
"updated": 0
},
{
  "id": "7fc7bf91-20e2-444a-b970-d73d75cdd48c",
  "data": [
{
  "text": "what can I ask you about",
  "userDefined": false
},
{
	"text": " ",
	"userDefined": false
}
],
"isTemplate": false,
"count": 0,
"updated": 0
},
{
  "id": "2a424d11-a1c5-47f2-be51-778066c62375",
  "data": [
{
  "text": "what are you capable of",
  "userDefined": false
},
{
	"text": " ",
	"userDefined": false
}
],
"isTemplate": false,
"count": 0,
"updated": 0
},
{
  "id": "6d59941b-81a8-48a6-bc39-506d51375a72",
  "data": [
{
  "text": "show me what you do",
  "userDefined": false
},
{
	"text": " ",
	"userDefined": false
}
],
"isTemplate": false,
"count": 0,
"updated": 0
},
{
  "id": "f25d4f73-e746-4633-89eb-99a6754f5ef6",
  "data": [
{
  "text": "what can you do",
  "userDefined": false
},
{
	"text": " ",
	"userDefined": false
}
],
"isTemplate": false,
"count": 0,
"updated": 0
}
 ]
