[
{
  "id": "97de8b8a-82ca-4240-843f-50a20f4ff4de",
  "data": [
{
  "text": "Nice shirt",
  "userDefined": false
},
{
	"text": " ",
	"userDefined": false
}
],
"isTemplate": false,
"count": 0,
"updated": 0
},
{
  "id": "686b5813-878c-419c-9385-0ec28a99ba20",
  "data": [
{
  "text": "Could you please show me some dog pictures",
  "userDefined": false
},
{
	"text": " ",
	"userDefined": false
}
],
"isTemplate": false,
"count": 0,
"updated": 0
},
{
  "id": "e4edeb4f-c200-4b8c-b1a2-e77f09051136",
  "data": [
{
  "text": "Navigate home",
  "userDefined": false
},
{
	"text": " ",
	"userDefined": false
}
],
"isTemplate": false,
"count": 0,
"updated": 0
},
{
  "id": "513dc4db-3688-4343-8167-dc947dc9e614",
  "data": [
{
  "text": "Who are US presidents?",
  "userDefined": false
},
{
	"text": " ",
	"userDefined": false
}
],
"isTemplate": false,
"count": 0,
"updated": 0
},
{
  "id": "2e3cc0b3-8730-4949-b3a0-872e0a6bc8f3",
  "data": [
{
  "text": "What are the main cities in UK?",
  "userDefined": false
},
{
	"text": " ",
	"userDefined": false
}
],
"isTemplate": false,
"count": 0,
"updated": 0
},
{
  "id": "db5682ea-4ca1-425f-bc9d-2c955079857d",
  "data": [
{
  "text": "Need help with cooking recipes",
  "userDefined": false
},
{
	"text": " ",
	"userDefined": false
}
],
"isTemplate": false,
"count": 0,
"updated": 0
},
{
  "id": "46edd74a-8af5-476c-9e09-98845fa43605",
  "data": [
{
  "text": "I want to build a snowman",
  "userDefined": false
},
{
	"text": " ",
	"userDefined": false
}
],
"isTemplate": false,
"count": 0,
"updated": 0
},
{
  "id": "fe304d6c-4fac-42e3-94fa-144acb113fd3",
  "data": [
{
  "text": "Tell me about the weather",
  "userDefined": false
},
{
	"text": " ",
	"userDefined": false
}
],
"isTemplate": false,
"count": 0,
"updated": 0
},
{
  "id": "0f66f4ec-14f1-4e4a-9615-106cac8f47bc",
  "data": [
{
  "text": "What can you do to make me laugh",
  "userDefined": false
},
{
	"text": " ",
	"userDefined": false
}
],
"isTemplate": false,
"count": 0,
"updated": 0
},
{
  "id": "10eb8974-1e5d-4bff-b900-433a699353dc",
  "data": [
{
  "text": "Show me your travel plans",
  "userDefined": false
},
{
	"text": " ",
	"userDefined": false
}
],
"isTemplate": false,
"count": 0,
"updated": 0
}
 ]
