[
{
  "id": "d0cb1cad-65b6-409d-b99e-01c888b7ad3c",
  "data": [
{
  "text": "Good day",
  "userDefined": false
},
{
	"text": " ",
	"userDefined": false
}
],
"isTemplate": false,
"count": 0,
"updated": 0
},
{
  "id": "c1ed1c28-5fad-468f-8322-d69db995f8b6",
  "data": [
{
  "text": "Let's start",
  "userDefined": false
},
{
	"text": " ",
	"userDefined": false
}
],
"isTemplate": false,
"count": 0,
"updated": 0
},
{
  "id": "3718da7d-d60a-4891-85dd-79462edcff0c",
  "data": [
{
  "text": "Hey",
  "userDefined": false
},
{
	"text": " ",
	"userDefined": false
}
],
"isTemplate": false,
"count": 0,
"updated": 0
},
{
  "id": "406c6b97-1ec1-42b5-9556-04f6f1920a8b",
  "data": [
{
  "text": "Hi",
  "userDefined": false
},
{
	"text": " ",
	"userDefined": false
}
],
"isTemplate": false,
"count": 0,
"updated": 0
},
{
  "id": "eac732e3-ad22-400b-8d0a-ded8d2449a95",
  "data": [
{
  "text": "Hello",
  "userDefined": false
},
{
	"text": " ",
	"userDefined": false
}
],
"isTemplate": false,
"count": 0,
"updated": 0
},
{
  "id": "dbed6d05-5c25-4c4d-840a-a827baeef8c6",
  "data": [
{
  "text": "welcome",
  "userDefined": false
},
{
	"text": " ",
	"userDefined": false
}
],
"isTemplate": false,
"count": 0,
"updated": 0
}
 ]
